video,label
C:\Users\a.polyakov\Downloads\archive\slovo\train\00019bad-4c36-4cc5-a940-2f994bc4037a.mp4,переваривать
C:\Users\a.polyakov\Downloads\archive\slovo\train\000d1ab2-13a7-4d67-8c4c-c4cce3839e5b.mp4,нога
C:\Users\a.polyakov\Downloads\archive\slovo\train\0010ec79-6654-4fdd-baa0-2dc748e88233.mp4,высокомерный
C:\Users\a.polyakov\Downloads\archive\slovo\train\00131832-c139-478e-a992-7966371148c4.mp4,расстройство
C:\Users\a.polyakov\Downloads\archive\slovo\train\0017412f-72c2-4d28-9894-8850b590a805.mp4,бабочка
C:\Users\a.polyakov\Downloads\archive\slovo\train\001780bf-add9-4d10-84bc-f0187a55f12b.mp4,все
C:\Users\a.polyakov\Downloads\archive\slovo\train\001f7390-ff77-4311-9590-14348409edd3.mp4,между тем
C:\Users\a.polyakov\Downloads\archive\slovo\train\00223d12-d54f-4b1e-9dae-8b35e6c90c3f.mp4,Борода
C:\Users\a.polyakov\Downloads\archive\slovo\train\0028a41a-8334-44ae-a63c-bc61703b085b.mp4,восхищение
C:\Users\a.polyakov\Downloads\archive\slovo\train\002d523a-d1e0-4f28-9922-861cc10fba5b.mp4,под
C:\Users\a.polyakov\Downloads\archive\slovo\train\003a4691-3e33-4c20-95a2-db3accc3cad3.mp4,спать
C:\Users\a.polyakov\Downloads\archive\slovo\train\003f0c1d-e777-43a5-8d75-42c8763c64f6.mp4,старый
C:\Users\a.polyakov\Downloads\archive\slovo\train\0042f6bf-1ce0-424a-b120-cb6cdf07be42.mp4,седьмой
C:\Users\a.polyakov\Downloads\archive\slovo\train\0043c397-faa3-43df-a86d-e2f2df263295.mp4,оранжевый
C:\Users\a.polyakov\Downloads\archive\slovo\train\00524425-f3cd-4a1d-97a7-273de5dab5de.mp4,ключ
C:\Users\a.polyakov\Downloads\archive\slovo\train\0056a61f-ce0c-496b-bfc4-7cfff503ed52.mp4,из-за
C:\Users\a.polyakov\Downloads\archive\slovo\train\00579ab5-3ef8-4bab-a893-de4abac8a824.mp4,нас
C:\Users\a.polyakov\Downloads\archive\slovo\train\005a8d78-2e4f-405d-8573-53fad85ac8dd.mp4,над
C:\Users\a.polyakov\Downloads\archive\slovo\train\0064e056-7d77-4393-ac2a-4ae05d070233.mp4,изменить
C:\Users\a.polyakov\Downloads\archive\slovo\train\0064f664-c27c-45d9-bd59-feca7a533466.mp4,старый
C:\Users\a.polyakov\Downloads\archive\slovo\train\00692a7b-940d-434d-8d04-87939bb1093e.mp4,жить
C:\Users\a.polyakov\Downloads\archive\slovo\train\00709d1a-367d-4f62-8ee2-cd1bdf1b21f8.mp4,плавник
C:\Users\a.polyakov\Downloads\archive\slovo\train\0070dddc-d9db-4e91-a0b0-10fa99e64663.mp4,иначе
C:\Users\a.polyakov\Downloads\archive\slovo\train\00750fe3-0d8c-4de7-9c3b-65addc77609c.mp4,наружу
C:\Users\a.polyakov\Downloads\archive\slovo\train\007db7c1-ddec-4e42-b856-5fefb23ac34f.mp4,путешествовать
C:\Users\a.polyakov\Downloads\archive\slovo\train\008012fb-7275-4ced-8b31-e749b39f772c.mp4,враждебный
C:\Users\a.polyakov\Downloads\archive\slovo\train\008725d5-9e7b-48bd-ab28-471b24e44f32.mp4,медуза
C:\Users\a.polyakov\Downloads\archive\slovo\train\008a141b-d56a-4ae7-b68d-55a4828b76cd.mp4,идти
C:\Users\a.polyakov\Downloads\archive\slovo\train\00987716-14b7-4a64-8e9b-40f441eb83f5.mp4,восемьдесят
C:\Users\a.polyakov\Downloads\archive\slovo\train\009a2391-2e78-479f-b902-7089927086fe.mp4,мы
C:\Users\a.polyakov\Downloads\archive\slovo\train\009ccb49-1f29-4966-9d58-2af481056891.mp4,шестьдесят
C:\Users\a.polyakov\Downloads\archive\slovo\train\009e5f36-b170-4665-9515-35f916ef79a8.mp4,И
C:\Users\a.polyakov\Downloads\archive\slovo\train\00a5745a-db36-49ff-94a2-881673bb3ede.mp4,год
C:\Users\a.polyakov\Downloads\archive\slovo\train\00a64676-0480-4b00-8e9c-31b2b42bc538.mp4,ползанье
C:\Users\a.polyakov\Downloads\archive\slovo\train\00af7ae9-fdb5-4416-8ba1-980b5880528c.mp4,начать
C:\Users\a.polyakov\Downloads\archive\slovo\train\00affb7b-fa40-4717-9e8c-9de47ad56a30.mp4,нераскрашенный
C:\Users\a.polyakov\Downloads\archive\slovo\train\00b29393-2873-4d06-87b4-9ca7a5b498aa.mp4,стойкость
C:\Users\a.polyakov\Downloads\archive\slovo\train\00b675d3-66fd-43ef-a6dd-8ed21d43dc64.mp4,больше
C:\Users\a.polyakov\Downloads\archive\slovo\train\00b8d1b1-ebcf-47ad-bd17-973d378256db.mp4,зрелищный
C:\Users\a.polyakov\Downloads\archive\slovo\train\00bb6252-ecac-4d42-8b5b-4badc000d2de.mp4,перо
C:\Users\a.polyakov\Downloads\archive\slovo\train\00c3f08b-a799-4d49-b4bc-89b9607cedf4.mp4,тебя
C:\Users\a.polyakov\Downloads\archive\slovo\train\00c87728-017b-4fcb-abae-2792c30a9b93.mp4,неудобно
C:\Users\a.polyakov\Downloads\archive\slovo\train\00cb9b07-ffe2-4671-9f4a-db8aebf6c94a.mp4,дятел
C:\Users\a.polyakov\Downloads\archive\slovo\train\00cd372c-bbf7-4997-a4cd-08923392261b.mp4,чудесный
C:\Users\a.polyakov\Downloads\archive\slovo\train\00cf9416-df68-4f5b-9235-347599754353.mp4,вкусный
C:\Users\a.polyakov\Downloads\archive\slovo\train\00cfdc2f-8b95-4cba-b8a7-5ea154699def.mp4,назад
C:\Users\a.polyakov\Downloads\archive\slovo\train\00cffe4d-55f9-4853-93b2-14843cbd413f.mp4,чемодан
C:\Users\a.polyakov\Downloads\archive\slovo\train\00d0df86-3388-434b-b6ae-70bff16e954b.mp4,весна
C:\Users\a.polyakov\Downloads\archive\slovo\train\00d196df-874d-4066-9294-058d6ac153cb.mp4,мужественность
C:\Users\a.polyakov\Downloads\archive\slovo\train\00de1235-6d20-4b3a-9e17-abbffb83fbf2.mp4,тысяча
C:\Users\a.polyakov\Downloads\archive\slovo\train\00de7fa2-d363-4708-8559-88a12b1d8b6d.mp4,если
C:\Users\a.polyakov\Downloads\archive\slovo\train\00e30b57-c439-41da-8ce5-bba0a48a758c.mp4,тот
C:\Users\a.polyakov\Downloads\archive\slovo\train\00ec8623-dbbb-482d-bcb2-4db8a4911a73.mp4,покраснеть
C:\Users\a.polyakov\Downloads\archive\slovo\train\00f01374-e8f5-4bea-91e4-67b6d1bd39e5.mp4,дружелюбный
C:\Users\a.polyakov\Downloads\archive\slovo\train\00f20446-af9f-4b71-88a3-164a68d9618b.mp4,карандаш
C:\Users\a.polyakov\Downloads\archive\slovo\train\00f7b973-32fb-41c8-bcf8-b93a0a65a79b.mp4,минута
C:\Users\a.polyakov\Downloads\archive\slovo\train\01094286-9e5f-4737-a308-8a4a0e5bdfad.mp4,курица
C:\Users\a.polyakov\Downloads\archive\slovo\train\01097605-eacf-4ff3-83f5-b0f847aa50cb.mp4,вчера
C:\Users\a.polyakov\Downloads\archive\slovo\train\01167df6-ca3f-4970-9950-e81dacd7b5bb.mp4,семь
C:\Users\a.polyakov\Downloads\archive\slovo\train\011a0628-bc23-4248-aa7b-18207415b501.mp4,эти
C:\Users\a.polyakov\Downloads\archive\slovo\train\011b2247-23d3-4473-91ee-04a825d01abb.mp4,чувствовать
C:\Users\a.polyakov\Downloads\archive\slovo\train\011d526d-3098-4109-8761-b75d7d4f1044.mp4,аллигатор
C:\Users\a.polyakov\Downloads\archive\slovo\train\01217504-e359-4b1e-ab5e-530e824de445.mp4,продолжительность
C:\Users\a.polyakov\Downloads\archive\slovo\train\0122ca08-6134-424b-b5d5-e73662e9db99.mp4,жена
C:\Users\a.polyakov\Downloads\archive\slovo\train\012e7c49-0b93-4816-8fbb-2e2194bf8c0f.mp4,нерадивый
C:\Users\a.polyakov\Downloads\archive\slovo\train\012e8797-a4af-4cce-a4bf-1983a2d9046a.mp4,отвращение
C:\Users\a.polyakov\Downloads\archive\slovo\train\01353326-0ff6-46bd-8356-c9c3030549cf.mp4,почва
C:\Users\a.polyakov\Downloads\archive\slovo\train\01370ff0-7b2d-4eb6-a1fa-1268e3925d66.mp4,тебе
C:\Users\a.polyakov\Downloads\archive\slovo\train\0138f31b-8a77-42e1-8fde-1e3df84642fc.mp4,четыре
C:\Users\a.polyakov\Downloads\archive\slovo\train\013e32a1-c698-48f7-a523-d5ef962f1c9f.mp4,дешёвый
C:\Users\a.polyakov\Downloads\archive\slovo\train\013fb3b6-4ae4-4300-ba77-ba7fb87feff0.mp4,место для пикника
C:\Users\a.polyakov\Downloads\archive\slovo\train\01451bcc-b259-4424-9e0b-e3668285618f.mp4,в спешке
C:\Users\a.polyakov\Downloads\archive\slovo\train\0148bb16-4360-40ce-bca1-47b19d5ffd09.mp4,жить
C:\Users\a.polyakov\Downloads\archive\slovo\train\014e077b-1345-46ee-bdc4-d7dae79d1574.mp4,ленивый
C:\Users\a.polyakov\Downloads\archive\slovo\train\014e7728-2e05-40dc-b43b-1a820769b186.mp4,Ж
C:\Users\a.polyakov\Downloads\archive\slovo\train\01597f56-c6d1-49fe-a245-27d979ed739c.mp4,навсегда
C:\Users\a.polyakov\Downloads\archive\slovo\train\015a9104-333c-44c1-beb7-7ea9ab28b60d.mp4,чемодан
C:\Users\a.polyakov\Downloads\archive\slovo\train\0163c7d8-d3b8-4229-8303-aea91fccfa6a.mp4,суматоха
C:\Users\a.polyakov\Downloads\archive\slovo\train\01683cd5-c922-46ad-a7b1-c69c5e205116.mp4,мужественность
C:\Users\a.polyakov\Downloads\archive\slovo\train\01693146-a070-40da-aa32-20d87175bc77.mp4,остановить
C:\Users\a.polyakov\Downloads\archive\slovo\train\016a1bfc-aa37-4734-8bc0-959d52ed7a90.mp4,пять
C:\Users\a.polyakov\Downloads\archive\slovo\train\017cfb1f-f975-4f44-aa1f-63cfbbea32c7.mp4,день и ночь
C:\Users\a.polyakov\Downloads\archive\slovo\train\017d5dcf-f3c2-44e8-8983-89178caa55b9.mp4,опасный
C:\Users\a.polyakov\Downloads\archive\slovo\train\01825dfe-d96f-44a9-81c6-07ba8af1fcb3.mp4,завтра
C:\Users\a.polyakov\Downloads\archive\slovo\train\0183f4ad-44ba-4c75-9caa-e90d373e3057.mp4,имя
C:\Users\a.polyakov\Downloads\archive\slovo\train\018ab22d-60b4-4869-9267-86ebf63c0e96.mp4,вскружить
C:\Users\a.polyakov\Downloads\archive\slovo\train\018e7d58-72c3-46b6-a639-dfba7f18770e.mp4,много
C:\Users\a.polyakov\Downloads\archive\slovo\train\01953012-0f85-4633-99b8-76fda0915d7b.mp4,слабый
C:\Users\a.polyakov\Downloads\archive\slovo\train\0196d454-7dae-47d5-9456-8859e67b69f1.mp4,высокий
C:\Users\a.polyakov\Downloads\archive\slovo\train\0199aaf6-d386-4771-a11e-a66598dbb119.mp4,трудный
C:\Users\a.polyakov\Downloads\archive\slovo\train\0199ce8d-013c-4577-8f67-29a7369d53c3.mp4,октябрь
C:\Users\a.polyakov\Downloads\archive\slovo\train\019e21f7-4118-4737-92c5-f13fe46c32e9.mp4,возможно
C:\Users\a.polyakov\Downloads\archive\slovo\train\01ac0c23-0e4d-4cc8-8439-33a3179f82b4.mp4,мурашки
C:\Users\a.polyakov\Downloads\archive\slovo\train\01acf852-d631-4ca9-b8fd-0f1f304c9427.mp4,вспомнить
C:\Users\a.polyakov\Downloads\archive\slovo\train\01b0cd8a-7f0e-40b6-8313-fa7434ae9e11.mp4,продление
C:\Users\a.polyakov\Downloads\archive\slovo\train\01b3f77a-8ba9-4c0e-92d0-1d6c60776667.mp4,изменить
C:\Users\a.polyakov\Downloads\archive\slovo\train\01b8e9ea-b32e-4e10-9f06-98568c561b12.mp4,месяц
C:\Users\a.polyakov\Downloads\archive\slovo\train\01bea56a-c334-4204-95e6-97a5aeb8e5ef.mp4,сказать
C:\Users\a.polyakov\Downloads\archive\slovo\train\01c15f6f-0672-44d0-aa5c-649e14632929.mp4,расслабиться
C:\Users\a.polyakov\Downloads\archive\slovo\train\01c7e6a5-6d17-4b09-909b-caf5479200cd.mp4,внизу
C:\Users\a.polyakov\Downloads\archive\slovo\train\01e7c413-95dc-468d-a56a-8b3014f608b1.mp4,краткий
C:\Users\a.polyakov\Downloads\archive\slovo\train\01e9eecf-c098-4045-9791-0675a645c119.mp4,сквозь
C:\Users\a.polyakov\Downloads\archive\slovo\train\01ec2c6b-f089-4fac-b8f0-8c48f0abc208.mp4,мудрый
C:\Users\a.polyakov\Downloads\archive\slovo\train\01eebcb5-6b1d-4e4c-8a4e-4bb8c90b948a.mp4,ключ
C:\Users\a.polyakov\Downloads\archive\slovo\train\01f6d63c-fc56-448c-b7ed-98b3058fa7ae.mp4,одиннадцать
C:\Users\a.polyakov\Downloads\archive\slovo\train\01fcea3d-98b7-4ab2-973b-0cd874ab3f14.mp4,дорога
C:\Users\a.polyakov\Downloads\archive\slovo\train\01ff20a8-60ea-4782-b9db-a59e45459077.mp4,бледный
C:\Users\a.polyakov\Downloads\archive\slovo\train\02014fcd-10f9-430d-b87c-f1174f9b797f.mp4,спокойный
C:\Users\a.polyakov\Downloads\archive\slovo\train\020ab0dd-e0ff-4eb2-9a89-3a952f1bb0cd.mp4,непрозрачность
C:\Users\a.polyakov\Downloads\archive\slovo\train\020deef6-6504-4497-a80f-8209e48d904c.mp4,горе
C:\Users\a.polyakov\Downloads\archive\slovo\train\02105473-a1d2-4bfe-af7e-f7b38314973a.mp4,Привет!
C:\Users\a.polyakov\Downloads\archive\slovo\train\0210eadc-6a72-4a97-9cfb-73ef228f31e5.mp4,горевать
C:\Users\a.polyakov\Downloads\archive\slovo\train\0219f550-1607-402d-8491-843c4219e15b.mp4,тщеславный
C:\Users\a.polyakov\Downloads\archive\slovo\train\021ec56b-b16c-483c-97df-bbedce509009.mp4,рано
C:\Users\a.polyakov\Downloads\archive\slovo\train\02262d81-0c6d-4882-adf3-658d2d40e7b9.mp4,тебя
C:\Users\a.polyakov\Downloads\archive\slovo\train\022aa253-49bf-429a-a357-7f7b5a205bb0.mp4,великий
C:\Users\a.polyakov\Downloads\archive\slovo\train\022bca70-18f7-43c0-950e-24c17280bf9f.mp4,ползанье
C:\Users\a.polyakov\Downloads\archive\slovo\train\022dcfa4-d02c-405e-b435-3ea19d5c1f23.mp4,лучший
C:\Users\a.polyakov\Downloads\archive\slovo\train\023941ac-ab26-4984-ade7-22eaa8088c9f.mp4,темнота
C:\Users\a.polyakov\Downloads\archive\slovo\train\023b8330-a3fd-4e48-a8ae-fbd4522e69c6.mp4,упасть
C:\Users\a.polyakov\Downloads\archive\slovo\train\023f5f2b-a75c-4395-8070-2404c7a835c2.mp4,мир
C:\Users\a.polyakov\Downloads\archive\slovo\train\024cbd6a-4fba-496a-a507-a11f72c63644.mp4,неуважение
C:\Users\a.polyakov\Downloads\archive\slovo\train\024d0c47-6527-4073-aafa-2bfd5a1b0b64.mp4,самовосприятие
C:\Users\a.polyakov\Downloads\archive\slovo\train\024ddcc7-9a39-4cb3-829f-0ce3bf3ec260.mp4,грязный
C:\Users\a.polyakov\Downloads\archive\slovo\train\0258fbfa-8005-4de5-873b-5a8e31fea225.mp4,адаптивный
C:\Users\a.polyakov\Downloads\archive\slovo\train\025b4f79-1827-4fdc-b38e-8eac2217d54e.mp4,цена
C:\Users\a.polyakov\Downloads\archive\slovo\train\025b8c70-436d-487f-915b-b827eebb0f64.mp4,Р
C:\Users\a.polyakov\Downloads\archive\slovo\train\025c14e0-2da7-47a7-b2e9-03cb89a647ef.mp4,точно
C:\Users\a.polyakov\Downloads\archive\slovo\train\025d44f9-528b-4b51-b121-fee9b433a18e.mp4,внутреннее
C:\Users\a.polyakov\Downloads\archive\slovo\train\025db6ea-1217-42fe-86bd-5ba117a06f07.mp4,газета
C:\Users\a.polyakov\Downloads\archive\slovo\train\02608342-4ed5-47c4-9d4a-545e210631f1.mp4,вкус
C:\Users\a.polyakov\Downloads\archive\slovo\train\026420a8-c198-4525-a9b8-a7ee049248ef.mp4,нуждаться
C:\Users\a.polyakov\Downloads\archive\slovo\train\026b2c6e-f88d-4c68-b495-1968c46f9f66.mp4,Футбол
C:\Users\a.polyakov\Downloads\archive\slovo\train\026b35aa-f753-4578-85b3-cb4a5a8ed834.mp4,время по Гринвичу
C:\Users\a.polyakov\Downloads\archive\slovo\train\026b5df0-4a9c-46ef-92e6-de90a2a252c4.mp4,позор
C:\Users\a.polyakov\Downloads\archive\slovo\train\027136cc-84b7-4ac9-b4a9-5507921bfb68.mp4,дать
C:\Users\a.polyakov\Downloads\archive\slovo\train\027212ff-7539-4706-a18a-c0758ddf991f.mp4,утро
C:\Users\a.polyakov\Downloads\archive\slovo\train\027b4a01-97eb-4f79-8164-b530c299c590.mp4,мальчик
C:\Users\a.polyakov\Downloads\archive\slovo\train\02809f3c-47ef-4336-8d55-3faddf6470a3.mp4,в восемь пятнадцать
C:\Users\a.polyakov\Downloads\archive\slovo\train\0287d64d-22f9-48ad-ab59-be2d582e21c9.mp4,эти
C:\Users\a.polyakov\Downloads\archive\slovo\train\0288fa9b-28ec-4bf5-8277-f708f20b28b2.mp4,декабрь
C:\Users\a.polyakov\Downloads\archive\slovo\train\028cd226-98a9-427c-9677-c2d6549c9942.mp4,комната
C:\Users\a.polyakov\Downloads\archive\slovo\train\02905289-f976-40ad-9c9e-e1c8c35ca467.mp4,орел
C:\Users\a.polyakov\Downloads\archive\slovo\train\02938cc9-a52e-4c1c-b375-2c1d5bff5a94.mp4,козел
C:\Users\a.polyakov\Downloads\archive\slovo\train\02965f64-267c-46b5-a7cd-a79074986921.mp4,надеяться
C:\Users\a.polyakov\Downloads\archive\slovo\train\02a00d55-4328-4195-9c1d-5f71e9b33381.mp4,Раб
C:\Users\a.polyakov\Downloads\archive\slovo\train\02a28f3f-82a8-4b7f-b433-9a0db809fc2d.mp4,презирать
C:\Users\a.polyakov\Downloads\archive\slovo\train\02a315fb-6664-4cdf-b10e-29157d1ee0bf.mp4,постепенно
C:\Users\a.polyakov\Downloads\archive\slovo\train\02a7eb22-13dc-40a1-abac-586d4dd24e17.mp4,корм для домашних животных
C:\Users\a.polyakov\Downloads\archive\slovo\train\02a8f308-ec67-40f7-9f4b-4149707825df.mp4,бык
C:\Users\a.polyakov\Downloads\archive\slovo\train\02a9ab16-d5d3-4785-9b3c-82db6d0670b5.mp4,жалость
C:\Users\a.polyakov\Downloads\archive\slovo\train\02ab97a7-2b7f-45a7-859b-11c399ac68df.mp4,зелёный
C:\Users\a.polyakov\Downloads\archive\slovo\train\02b15d7e-0768-469a-b5c9-be0437fe6e68.mp4,мой
C:\Users\a.polyakov\Downloads\archive\slovo\train\02b26578-8182-4e00-ba6e-0869253a1c72.mp4,жестокий
C:\Users\a.polyakov\Downloads\archive\slovo\train\02bfaf15-7e5a-46de-bccd-a2f5b1efa292.mp4,паучья сеть
C:\Users\a.polyakov\Downloads\archive\slovo\train\02c43a16-5134-463d-9f50-1c9c7e8fb9a8.mp4,Цемент
C:\Users\a.polyakov\Downloads\archive\slovo\train\02c942c4-22fd-4230-aaa8-659d990960a7.mp4,интересный
C:\Users\a.polyakov\Downloads\archive\slovo\train\02c952d9-c0d4-42b1-aa4f-1a8ec6cb9b0f.mp4,доминантный
C:\Users\a.polyakov\Downloads\archive\slovo\train\02cca6c8-5666-4c31-a44d-cdae7b18c8fe.mp4,жадный
C:\Users\a.polyakov\Downloads\archive\slovo\train\02d7c315-20b9-4896-866f-1df5384440bf.mp4,модный
C:\Users\a.polyakov\Downloads\archive\slovo\train\02dc0a6c-f7f2-46d9-a13c-e304d5814134.mp4,кафе
C:\Users\a.polyakov\Downloads\archive\slovo\train\02e0df94-b63b-403d-abaf-59d7835911c3.mp4,доминантный
C:\Users\a.polyakov\Downloads\archive\slovo\train\02e164c1-bb30-437d-b0eb-7a67e9f66a61.mp4,комар
C:\Users\a.polyakov\Downloads\archive\slovo\train\02f7100d-aec3-4d23-b5fc-c550493525b9.mp4,никогда
C:\Users\a.polyakov\Downloads\archive\slovo\train\02f81dd6-87f3-4951-98a1-b9b5165f3893.mp4,одинокий
C:\Users\a.polyakov\Downloads\archive\slovo\train\02fea425-6cea-41ed-8a02-90f82ada4d1e.mp4,Лопата
C:\Users\a.polyakov\Downloads\archive\slovo\train\030023f8-ef88-48cc-9466-b41c95e9b3f7.mp4,Борода
C:\Users\a.polyakov\Downloads\archive\slovo\train\0301d822-ab57-4470-a1a3-75e7031d5ee6.mp4,ответить
C:\Users\a.polyakov\Downloads\archive\slovo\train\030b7271-dfa0-4bed-825e-87d68afd3c53.mp4,грубый
C:\Users\a.polyakov\Downloads\archive\slovo\train\030c8965-3d94-4a68-84c1-79b11ac65ce7.mp4,одинокий
C:\Users\a.polyakov\Downloads\archive\slovo\train\030f3cf7-a04e-43f6-b01f-fbc177e2030b.mp4,солнце
C:\Users\a.polyakov\Downloads\archive\slovo\train\03118c1f-fc54-481c-ab9e-878b848d30ff.mp4,нравиться
C:\Users\a.polyakov\Downloads\archive\slovo\train\03163af7-d372-4765-99d5-bb7dea456fe9.mp4,наблюдательность
C:\Users\a.polyakov\Downloads\archive\slovo\train\03175381-250b-4a21-a178-c8670a0e8fcb.mp4,вилка
C:\Users\a.polyakov\Downloads\archive\slovo\train\03192066-8c00-44da-9a50-8063a2406097.mp4,голос
C:\Users\a.polyakov\Downloads\archive\slovo\train\031ba725-255d-4df5-a997-96c830896d10.mp4,значит
C:\Users\a.polyakov\Downloads\archive\slovo\train\031d05c9-4f55-4d27-8836-714b9a5254a6.mp4,отвращение
C:\Users\a.polyakov\Downloads\archive\slovo\train\031ff608-5f2b-4f43-88ac-87b25e6e5b0e.mp4,принести
C:\Users\a.polyakov\Downloads\archive\slovo\train\03222fdc-679f-46ed-9e70-037bf14eb53b.mp4,привезти
C:\Users\a.polyakov\Downloads\archive\slovo\train\03252dba-ca02-4574-932d-710f6b9ebfc1.mp4,зрелищный
C:\Users\a.polyakov\Downloads\archive\slovo\train\033b935b-2782-434e-ac40-fc203b789736.mp4,коричневый
C:\Users\a.polyakov\Downloads\archive\slovo\train\033c3c03-973e-461e-8a70-9daeabbd698c.mp4,Почки
C:\Users\a.polyakov\Downloads\archive\slovo\train\033fbba1-1f34-4804-a0c3-bb77dfd038ab.mp4,Ж
C:\Users\a.polyakov\Downloads\archive\slovo\train\0343d609-a212-409e-a31c-452b8d9c3a60.mp4,кружка
C:\Users\a.polyakov\Downloads\archive\slovo\train\0344666b-d412-44a9-b327-c8eda8a75cc6.mp4,должен
C:\Users\a.polyakov\Downloads\archive\slovo\train\03485aea-5c96-427b-bf95-bd03fc183495.mp4,сторона
C:\Users\a.polyakov\Downloads\archive\slovo\train\034987eb-8ef6-4db9-87bf-5412735315e8.mp4,инициатива
C:\Users\a.polyakov\Downloads\archive\slovo\train\034ac500-a8a7-4846-8e94-7e8e7531db33.mp4,четыреста
C:\Users\a.polyakov\Downloads\archive\slovo\train\03503fd0-68be-45ff-b7c7-1cb40ae2226e.mp4,неожиданный
C:\Users\a.polyakov\Downloads\archive\slovo\train\0350ebc0-50e4-4391-924a-71c0d47c55a7.mp4,наглость
C:\Users\a.polyakov\Downloads\archive\slovo\train\035ccc50-c4aa-4592-a305-4c1c9910f4e4.mp4,коза
C:\Users\a.polyakov\Downloads\archive\slovo\train\0362fb56-1f99-430e-8166-d11571691eff.mp4,оба
C:\Users\a.polyakov\Downloads\archive\slovo\train\03737e2c-f912-493b-ad40-8320ee9fdf30.mp4,Ц
C:\Users\a.polyakov\Downloads\archive\slovo\train\0376f309-e154-4fe8-857b-b7944b7453a7.mp4,здесь
C:\Users\a.polyakov\Downloads\archive\slovo\train\03791df5-59ef-4c88-9024-470c604b47c6.mp4,худший
C:\Users\a.polyakov\Downloads\archive\slovo\train\037ac087-2234-4531-be1b-8c8e1836e855.mp4,пренебрежение
C:\Users\a.polyakov\Downloads\archive\slovo\train\037f6b94-e996-4ac8-a252-7b923086c7ec.mp4,тридцать
C:\Users\a.polyakov\Downloads\archive\slovo\train\03805cb5-8ebf-4d4f-81d1-af67a7f03c7d.mp4,начало
C:\Users\a.polyakov\Downloads\archive\slovo\train\038a39c6-a52a-4d0a-ba40-8d15d2ec274a.mp4,лошадь
C:\Users\a.polyakov\Downloads\archive\slovo\train\03950251-2302-464e-80a5-87803f89de9b.mp4,конечно
C:\Users\a.polyakov\Downloads\archive\slovo\train\0397f175-45d7-4b27-a7d9-496a035d6236.mp4,боюсь
C:\Users\a.polyakov\Downloads\archive\slovo\train\03a889b7-3ec3-47c1-a596-f6a8ee236639.mp4,получить
C:\Users\a.polyakov\Downloads\archive\slovo\train\03ac3272-aac5-4d46-81ec-4b4fc902b94b.mp4,спросить
C:\Users\a.polyakov\Downloads\archive\slovo\train\03b2e714-c0a8-460d-adc9-96b463edf378.mp4,жалость
C:\Users\a.polyakov\Downloads\archive\slovo\train\03b97e46-154b-4b83-a22f-3bd79722ddef.mp4,воскресенье
C:\Users\a.polyakov\Downloads\archive\slovo\train\03c4bc3b-fd7c-49b1-a9c3-63e115d5f2ba.mp4,глотать жадно
C:\Users\a.polyakov\Downloads\archive\slovo\train\03c96dac-b5f4-4359-b87a-3202646e2000.mp4,Лицо
C:\Users\a.polyakov\Downloads\archive\slovo\train\03ca632d-a311-4919-9a09-2346a59e1bf7.mp4,близко
C:\Users\a.polyakov\Downloads\archive\slovo\train\03d22fb2-ebba-46eb-a6ca-1736face710a.mp4,конечно
C:\Users\a.polyakov\Downloads\archive\slovo\train\03d386dc-6c5a-4ec7-a9b8-e4eafac39291.mp4,ужасный
C:\Users\a.polyakov\Downloads\archive\slovo\train\03d6e571-fa90-4c75-8fff-e7040f92a579.mp4,без
C:\Users\a.polyakov\Downloads\archive\slovo\train\03dba1f8-0173-4f78-908a-cc7eb3a143f6.mp4,надежда
C:\Users\a.polyakov\Downloads\archive\slovo\train\03dfe12e-5512-43b0-a9af-8e1ddec57118.mp4,сомнение
C:\Users\a.polyakov\Downloads\archive\slovo\train\03e0d955-9709-411f-8063-1884e55828ae.mp4,ненавидеть
C:\Users\a.polyakov\Downloads\archive\slovo\train\03e4be77-6a35-4864-8d6d-168b8ca42e48.mp4,П
C:\Users\a.polyakov\Downloads\archive\slovo\train\03e78503-0132-468f-a370-3788cba243f3.mp4,триста
C:\Users\a.polyakov\Downloads\archive\slovo\train\03e89c9f-fcb2-4431-9afa-337766b3b472.mp4,Е
C:\Users\a.polyakov\Downloads\archive\slovo\train\03ee8840-2f28-4346-8d80-59ebb97fed74.mp4,гордый
C:\Users\a.polyakov\Downloads\archive\slovo\train\03f56316-758c-4723-8072-160c39dd2df2.mp4,надеяться
C:\Users\a.polyakov\Downloads\archive\slovo\train\03ff6aeb-d56d-4097-9532-d908d555c603.mp4,восемь
C:\Users\a.polyakov\Downloads\archive\slovo\train\0401d486-aad4-4f8f-b311-c530e6df4bd7.mp4,север
C:\Users\a.polyakov\Downloads\archive\slovo\train\040313e2-9af5-4700-8fd1-549b5deba9e2.mp4,есть
C:\Users\a.polyakov\Downloads\archive\slovo\train\0403a05c-9711-43dd-947c-ffd70b68a9fb.mp4,адаптивный
C:\Users\a.polyakov\Downloads\archive\slovo\train\04042c3f-55c5-4fef-91d7-b7e741d2e126.mp4,сомневаться
C:\Users\a.polyakov\Downloads\archive\slovo\train\04046531-20ec-4cc5-b072-2cb146cde234.mp4,задерживать
C:\Users\a.polyakov\Downloads\archive\slovo\train\0410eb53-917c-4b60-82ae-c0a566b6d38a.mp4,минута
C:\Users\a.polyakov\Downloads\archive\slovo\train\04166830-6a0c-431c-8c88-f3b36eafe0bc.mp4,доставлять удовольствие
C:\Users\a.polyakov\Downloads\archive\slovo\train\041c04de-2074-4ac5-8654-3e8b9e69b34d.mp4,четыреста
C:\Users\a.polyakov\Downloads\archive\slovo\train\04263c06-0b56-4925-a3d0-580e75d2ce90.mp4,восемнадцать
C:\Users\a.polyakov\Downloads\archive\slovo\train\042a208c-42f7-48a7-bfa7-d85713aadd95.mp4,который
C:\Users\a.polyakov\Downloads\archive\slovo\train\0431201f-f77e-4e8e-87a5-72d593273286.mp4,миленький
C:\Users\a.polyakov\Downloads\archive\slovo\train\0446bbe5-1e05-40c4-b81f-e45ab3faa5c3.mp4,среда
C:\Users\a.polyakov\Downloads\archive\slovo\train\044beb11-3753-49d2-85e3-060afa917035.mp4,смелость
C:\Users\a.polyakov\Downloads\archive\slovo\train\0452ce75-a2f6-4815-8210-730890464477.mp4,горе
C:\Users\a.polyakov\Downloads\archive\slovo\train\0454a2ec-213b-4b69-959f-166526c3bba4.mp4,Сразу
C:\Users\a.polyakov\Downloads\archive\slovo\train\0459d811-1b1c-498a-a556-898916bd5840.mp4,изучить
C:\Users\a.polyakov\Downloads\archive\slovo\train\045ae924-ffcc-4de7-aef6-6e90f90543e5.mp4,предложить
C:\Users\a.polyakov\Downloads\archive\slovo\train\045cf17c-6e02-48ec-92bb-add638c0617c.mp4,десять
C:\Users\a.polyakov\Downloads\archive\slovo\train\046056a5-eeae-49de-b69f-a2fce2537430.mp4,паучья сеть
C:\Users\a.polyakov\Downloads\archive\slovo\train\04605c2d-c29a-425e-96ec-09328502d360.mp4,отвращение
C:\Users\a.polyakov\Downloads\archive\slovo\train\046a17b5-e86a-4112-a5a5-780f53db436a.mp4,жаждущий
C:\Users\a.polyakov\Downloads\archive\slovo\train\04793c8f-fd93-4aca-81ea-9b246a1ebfe2.mp4,сердце
C:\Users\a.polyakov\Downloads\archive\slovo\train\047f2d44-02d3-425f-9aea-e61656f99a13.mp4,объективный
C:\Users\a.polyakov\Downloads\archive\slovo\train\04827470-6438-43eb-8f17-75ea07c6d4a3.mp4,чистый
C:\Users\a.polyakov\Downloads\archive\slovo\train\0486f30c-8c4c-43cf-8f46-9d22bca3f1e2.mp4,язык
C:\Users\a.polyakov\Downloads\archive\slovo\train\0487ebe2-a982-4992-8294-c9923b1a1af5.mp4,медведь
C:\Users\a.polyakov\Downloads\archive\slovo\train\0487fc78-6142-4d92-8b7d-13410b46a4cc.mp4,слово
C:\Users\a.polyakov\Downloads\archive\slovo\train\0488e97b-aaa1-414b-900a-6167d6442699.mp4,положительный
C:\Users\a.polyakov\Downloads\archive\slovo\train\048901ff-43ce-4e83-ba71-5802eca5d03c.mp4,испуг
C:\Users\a.polyakov\Downloads\archive\slovo\train\048a16cf-df59-43f8-8962-32a4c54fa812.mp4,прием пищи
C:\Users\a.polyakov\Downloads\archive\slovo\train\048a505d-8fc7-47bf-a815-9e08d04caf1d.mp4,счастливый
C:\Users\a.polyakov\Downloads\archive\slovo\train\04920d39-cc97-40d2-9bcc-362d1585f6f2.mp4,подавленный
C:\Users\a.polyakov\Downloads\archive\slovo\train\0498a88f-08fa-448f-8d14-9e45101b80c5.mp4,зубы
C:\Users\a.polyakov\Downloads\archive\slovo\train\04993df3-a686-4768-b2c9-bd0166310f19.mp4,последний
C:\Users\a.polyakov\Downloads\archive\slovo\train\04a29263-6d54-40f5-904a-11d965428aab.mp4,объятие
C:\Users\a.polyakov\Downloads\archive\slovo\train\04a3084b-8a88-4b40-accc-0df62b4ce0b0.mp4,четвертый
C:\Users\a.polyakov\Downloads\archive\slovo\train\04a6e060-d575-48c2-9f17-ae3e37410b4f.mp4,сильный
C:\Users\a.polyakov\Downloads\archive\slovo\train\04a97a53-a722-49b2-8d84-8ccb35b381c2.mp4,населять
C:\Users\a.polyakov\Downloads\archive\slovo\train\04ad6fc2-7411-4568-b9bb-3d7191f97a3c.mp4,ленивый
C:\Users\a.polyakov\Downloads\archive\slovo\train\04ae8e1c-e8b4-4bfb-8527-f2ff65b7678a.mp4,отложить
C:\Users\a.polyakov\Downloads\archive\slovo\train\04b13bd9-329f-4961-bca8-7c1c373f0cdc.mp4,Жарить
C:\Users\a.polyakov\Downloads\archive\slovo\train\04b1b937-8195-4538-9229-e95a213ff772.mp4,между тем
C:\Users\a.polyakov\Downloads\archive\slovo\train\04b52d7b-b3cb-40eb-a6df-cb1ee7aa8f53.mp4,плохой
C:\Users\a.polyakov\Downloads\archive\slovo\train\04b5754e-b799-4435-a699-aedabcdd4398.mp4,отчаянный
C:\Users\a.polyakov\Downloads\archive\slovo\train\04b6996c-4587-4b99-95ef-86addd32a73c.mp4,семь
C:\Users\a.polyakov\Downloads\archive\slovo\train\04b8967f-d05d-468c-aeaa-9149de867500.mp4,сзади
C:\Users\a.polyakov\Downloads\archive\slovo\train\04badf66-c715-43ef-9c91-398158916fb3.mp4,расстроенный
C:\Users\a.polyakov\Downloads\archive\slovo\train\04bddc3f-58a9-4784-805b-0c00a8a4fb00.mp4,два
C:\Users\a.polyakov\Downloads\archive\slovo\train\04c2dca4-30cc-4dda-99c8-f5e84be0e365.mp4,Щ
C:\Users\a.polyakov\Downloads\archive\slovo\train\04c456cc-bd83-4631-a93c-fe2199ec8d13.mp4,гнездо
C:\Users\a.polyakov\Downloads\archive\slovo\train\04c597e0-0579-4838-a419-236c0fe864ed.mp4,старый
C:\Users\a.polyakov\Downloads\archive\slovo\train\04c82b8f-b225-4014-8f39-26056b156410.mp4,динозавр
C:\Users\a.polyakov\Downloads\archive\slovo\train\04c842d3-5d3c-4423-87c9-939d899d9732.mp4,все
C:\Users\a.polyakov\Downloads\archive\slovo\train\04cc9b91-55e6-45b4-86e7-aa453993a419.mp4,возбуждение
C:\Users\a.polyakov\Downloads\archive\slovo\train\04d5ed6f-08e9-4fcc-901f-a430da43b6ed.mp4,бежевый
C:\Users\a.polyakov\Downloads\archive\slovo\train\04d67f19-129e-4dfc-ad5b-eeff6a2a843f.mp4,буду
C:\Users\a.polyakov\Downloads\archive\slovo\train\04d8519d-a267-44f7-a7e9-3f4f572ba716.mp4,горе
C:\Users\a.polyakov\Downloads\archive\slovo\train\04dddaa4-0d95-4a36-bff6-df631f50d7e4.mp4,эти
C:\Users\a.polyakov\Downloads\archive\slovo\train\04df77a2-014b-4ebd-a1fe-64fa7cca4468.mp4,мой
C:\Users\a.polyakov\Downloads\archive\slovo\train\04dfc333-148a-489e-9281-1aee18e49d37.mp4,быть потрясенным
C:\Users\a.polyakov\Downloads\archive\slovo\train\04e36672-46bc-4494-bb72-99506ae6878c.mp4,жаждущий
C:\Users\a.polyakov\Downloads\archive\slovo\train\04e66411-6aa6-480a-8e26-a2d47250674c.mp4,всегда
C:\Users\a.polyakov\Downloads\archive\slovo\train\04e6ec28-d64e-40ab-a567-c02931f64051.mp4,птица
C:\Users\a.polyakov\Downloads\archive\slovo\train\04ee9eaf-138e-4dbb-988d-a1d5aaeea084.mp4,наверху
C:\Users\a.polyakov\Downloads\archive\slovo\train\04f032ae-3b7d-4511-b799-959d35c1010e.mp4,Ж
C:\Users\a.polyakov\Downloads\archive\slovo\train\04f0e17c-8f7e-4d7d-b061-94c5789bbbde.mp4,ребёнок
C:\Users\a.polyakov\Downloads\archive\slovo\train\04f135be-0a4c-4b69-8cf6-be2805137725.mp4,триста
C:\Users\a.polyakov\Downloads\archive\slovo\train\04f20caf-f663-4398-870f-061cf8192bf0.mp4,Крест
C:\Users\a.polyakov\Downloads\archive\slovo\train\04f4f8bb-fbd2-4f08-9025-279dbf2f9660.mp4,кроме
C:\Users\a.polyakov\Downloads\archive\slovo\train\04f865f1-c779-467c-af91-cfbc675992af.mp4,днем
C:\Users\a.polyakov\Downloads\archive\slovo\train\04ffd5a3-98c1-447a-a535-24b1a28beaae.mp4,тридцать
C:\Users\a.polyakov\Downloads\archive\slovo\train\05035f59-5204-499a-bfd6-d3028610b548.mp4,высокомерный
C:\Users\a.polyakov\Downloads\archive\slovo\train\05061d9a-2118-4692-98df-459c7828a496.mp4,задерживать
C:\Users\a.polyakov\Downloads\archive\slovo\train\0508657a-2f53-4f5b-a7c4-18b16c0b4a19.mp4,довольство
C:\Users\a.polyakov\Downloads\archive\slovo\train\0515db62-8881-4807-8438-993b5238ba7c.mp4,лягушка
C:\Users\a.polyakov\Downloads\archive\slovo\train\0518300b-dc59-490a-92fe-072a184c2d9c.mp4,вверх
C:\Users\a.polyakov\Downloads\archive\slovo\train\0519e0a8-8982-4f41-9692-ec9a261e1cc9.mp4,второй
C:\Users\a.polyakov\Downloads\archive\slovo\train\0522b23a-ad80-48cb-b07d-9807e243a7c3.mp4,разъяренный
C:\Users\a.polyakov\Downloads\archive\slovo\train\05238388-cbe4-44ad-8a33-01d9ea78cb69.mp4,начало
C:\Users\a.polyakov\Downloads\archive\slovo\train\052514c3-0dc5-4cac-acc8-deb29ce6808d.mp4,не выносить
C:\Users\a.polyakov\Downloads\archive\slovo\train\0526f20a-20c1-410e-a61c-2dfea53ba4c4.mp4,радость
C:\Users\a.polyakov\Downloads\archive\slovo\train\052b36e4-ec38-4d36-87d2-4792916171e9.mp4,шестой
C:\Users\a.polyakov\Downloads\archive\slovo\train\052db95e-b26b-4c49-8cb1-ffbbcb3b7578.mp4,между
C:\Users\a.polyakov\Downloads\archive\slovo\train\053d3cfc-a4e8-461d-97b1-00035eed0496.mp4,сильный
C:\Users\a.polyakov\Downloads\archive\slovo\train\05422c51-b254-4198-8c79-5bad498f6e2d.mp4,девять
C:\Users\a.polyakov\Downloads\archive\slovo\train\05434274-3070-4603-b7ba-a46315e4d9d3.mp4,сожаление
C:\Users\a.polyakov\Downloads\archive\slovo\train\05514411-af9a-4081-92ee-7fe6ea8fd287.mp4,красноватый
C:\Users\a.polyakov\Downloads\archive\slovo\train\0555812f-a471-4335-a42f-77976efc39ae.mp4,быстро
C:\Users\a.polyakov\Downloads\archive\slovo\train\055a4aa1-0eb4-4780-a8c9-d9d4e241b01a.mp4,Привет!
C:\Users\a.polyakov\Downloads\archive\slovo\train\055a99c0-c0f4-4d97-b0f8-5dd6d791c217.mp4,газета
C:\Users\a.polyakov\Downloads\archive\slovo\train\056046da-adfa-465d-9229-b38d4cea0786.mp4,акула
C:\Users\a.polyakov\Downloads\archive\slovo\train\056b0006-1257-4bd5-9857-32bbe669a659.mp4,достаточно
C:\Users\a.polyakov\Downloads\archive\slovo\train\056d80ba-2b04-4a13-b59f-883f2cdb9774.mp4,временный
C:\Users\a.polyakov\Downloads\archive\slovo\train\05737781-8c61-4267-9f96-65db132518b1.mp4,полный
C:\Users\a.polyakov\Downloads\archive\slovo\train\057bb1bd-7a58-49d8-b618-dd4d4b2df9fd.mp4,Витамин
C:\Users\a.polyakov\Downloads\archive\slovo\train\057ece33-82cf-4106-a855-70ab2a70dbc5.mp4,осел
C:\Users\a.polyakov\Downloads\archive\slovo\train\0584d1c6-38dc-437b-af44-36c1391957cb.mp4,чистый
C:\Users\a.polyakov\Downloads\archive\slovo\train\05888bb9-22c3-4f95-a06d-f02d0fe51eaa.mp4,гнев
C:\Users\a.polyakov\Downloads\archive\slovo\train\058e11fb-61f5-498f-82ba-10f100d1a7fd.mp4,различный
C:\Users\a.polyakov\Downloads\archive\slovo\train\0594d201-7c3e-455f-a6bd-6de237bce7ab.mp4,делать мелкий глоток
C:\Users\a.polyakov\Downloads\archive\slovo\train\059ba049-ad55-41aa-8353-4fd63cba340c.mp4,горевать
C:\Users\a.polyakov\Downloads\archive\slovo\train\059bb111-35a4-4afa-b3e9-a7db0a33e600.mp4,скоро
C:\Users\a.polyakov\Downloads\archive\slovo\train\059c9b6c-9439-4ce6-8577-ae4d76b4e672.mp4,опять
C:\Users\a.polyakov\Downloads\archive\slovo\train\059df746-5d52-477f-8b52-96241bb34fbb.mp4,начинать
C:\Users\a.polyakov\Downloads\archive\slovo\train\05a0ac4d-4b7f-4bd8-8bdb-4c8f3c2aee15.mp4,отец
C:\Users\a.polyakov\Downloads\archive\slovo\train\05a48e13-13ea-4eec-98e0-848ca078cf12.mp4,Чашка
C:\Users\a.polyakov\Downloads\archive\slovo\train\05a9a540-6cfe-4f7c-b998-2d3375d36232.mp4,который
C:\Users\a.polyakov\Downloads\archive\slovo\train\05aa8b7e-3d23-42da-9ebc-3e27c1efc69e.mp4,злой
C:\Users\a.polyakov\Downloads\archive\slovo\train\05ab28ee-34dd-41bd-911a-856f8146996f.mp4,точно
C:\Users\a.polyakov\Downloads\archive\slovo\train\05b60662-4fa6-4566-bf7d-03df29e098f0.mp4,грустный
C:\Users\a.polyakov\Downloads\archive\slovo\train\05bb3e38-499b-4f81-bc31-e4795ff6a5e0.mp4,радостный
C:\Users\a.polyakov\Downloads\archive\slovo\train\05c6dd07-e231-4879-9832-e78d43e2bd93.mp4,книга
C:\Users\a.polyakov\Downloads\archive\slovo\train\05c7ea2d-de18-44c2-820a-8ebe5d237742.mp4,вода
C:\Users\a.polyakov\Downloads\archive\slovo\train\05c966e2-556e-439a-ab0b-87d30b5b8edf.mp4,одержимый
C:\Users\a.polyakov\Downloads\archive\slovo\train\05cd62b4-d681-46c8-b242-6190cf44e4e1.mp4,вдохновение
C:\Users\a.polyakov\Downloads\archive\slovo\train\05ceb1af-7f7e-4609-8fbc-81de61881ccc.mp4,шум
C:\Users\a.polyakov\Downloads\archive\slovo\train\05d7479a-1a32-4f4d-ae2a-ec06ad02e840.mp4,забыть
C:\Users\a.polyakov\Downloads\archive\slovo\train\05db32a1-e401-4edb-b03d-d7d3d44a0b4b.mp4,клевать
C:\Users\a.polyakov\Downloads\archive\slovo\train\05e24fe3-dd78-4bd4-b7e8-28995488db5b.mp4,запоздалый
C:\Users\a.polyakov\Downloads\archive\slovo\train\05e3c79a-e232-47f8-bdca-6a2655ab67bc.mp4,делать
C:\Users\a.polyakov\Downloads\archive\slovo\train\05e516d9-ebf8-4494-84da-2b567e7ee6c3.mp4,четыре тысячи
C:\Users\a.polyakov\Downloads\archive\slovo\train\05e55d5d-c7af-4887-b36d-b164a45eb0ed.mp4,один
C:\Users\a.polyakov\Downloads\archive\slovo\train\05f0fba9-d97b-4c2a-b87d-17597ad22afb.mp4,бывший
C:\Users\a.polyakov\Downloads\archive\slovo\train\05f3e049-dec2-4a2e-b27c-f59dec40965f.mp4,забота
C:\Users\a.polyakov\Downloads\archive\slovo\train\05f44ca6-e2a6-4435-8837-fb3c29752363.mp4,резервирование; бронирование
C:\Users\a.polyakov\Downloads\archive\slovo\train\05f47963-0032-4783-a853-4d96c7a976d1.mp4,З
C:\Users\a.polyakov\Downloads\archive\slovo\train\05f8adf0-ea4e-4aee-bee3-e36857eeeb9a.mp4,билет
C:\Users\a.polyakov\Downloads\archive\slovo\train\05fc566e-f1a8-430b-b762-a43c2e83ad18.mp4,тот же самый (одинаковый)
C:\Users\a.polyakov\Downloads\archive\slovo\train\06000f55-6f8e-404b-a01c-a32f4a384590.mp4,Ы
C:\Users\a.polyakov\Downloads\archive\slovo\train\06001705-708c-43e2-a50e-75b18c063d07.mp4,самоанализ
C:\Users\a.polyakov\Downloads\archive\slovo\train\0603dada-ace3-47e8-b011-38655a79a391.mp4,срочный
C:\Users\a.polyakov\Downloads\archive\slovo\train\0606ec0f-f0a2-446a-b4b0-34157791965f.mp4,бояться
C:\Users\a.polyakov\Downloads\archive\slovo\train\060bea57-9f3f-4229-9e33-1fc1898c597f.mp4,возрадоваться
C:\Users\a.polyakov\Downloads\archive\slovo\train\060c6eaa-5f54-4477-8e01-441539f7544c.mp4,платить
C:\Users\a.polyakov\Downloads\archive\slovo\train\06134401-f463-46dc-9d0a-4da1819b068c.mp4,искать
C:\Users\a.polyakov\Downloads\archive\slovo\train\06138169-1d12-460f-b002-1399a009e07c.mp4,август
C:\Users\a.polyakov\Downloads\archive\slovo\train\061f36e5-c285-4e39-8148-694e59734d72.mp4,ноябрь
C:\Users\a.polyakov\Downloads\archive\slovo\train\06208d85-b774-4f1b-aa31-677800e593ba.mp4,трус
C:\Users\a.polyakov\Downloads\archive\slovo\train\0622e68b-5981-4e6b-988d-1602e6a1a390.mp4,мотивировать
C:\Users\a.polyakov\Downloads\archive\slovo\train\06264cab-415b-492a-bfdd-7dfb5878c913.mp4,С днем рождения
C:\Users\a.polyakov\Downloads\archive\slovo\train\06296358-fd07-4529-bc74-4be9eef788bd.mp4,остановиться
C:\Users\a.polyakov\Downloads\archive\slovo\train\062da883-dfa6-455a-a1cb-7fc16c84405a.mp4,рассердиться
C:\Users\a.polyakov\Downloads\archive\slovo\train\06356eb4-d402-4dec-80f1-4c705beba914.mp4,обезьяна
C:\Users\a.polyakov\Downloads\archive\slovo\train\06369d03-1c63-493e-b6a8-a307fc23590a.mp4,двести
C:\Users\a.polyakov\Downloads\archive\slovo\train\0636d634-904e-4450-8987-355fc99bd98f.mp4,дважды
C:\Users\a.polyakov\Downloads\archive\slovo\train\0637b649-ed07-4586-b053-a30c7b32807c.mp4,клюв
C:\Users\a.polyakov\Downloads\archive\slovo\train\06409d2c-6b2e-4218-b679-0b5cb34947ed.mp4,следовало
C:\Users\a.polyakov\Downloads\archive\slovo\train\0644592e-5fe2-4bf0-8950-bcd1fa68cff5.mp4,Забрать
C:\Users\a.polyakov\Downloads\archive\slovo\train\0644d83a-9a4e-49da-9bc4-1f9c8696d2eb.mp4,дважды
C:\Users\a.polyakov\Downloads\archive\slovo\train\06523237-828e-44e4-a1d4-947b90e9d25e.mp4,мурашки
C:\Users\a.polyakov\Downloads\archive\slovo\train\0653453d-ef72-4a8a-a851-d29271ea472f.mp4,много
C:\Users\a.polyakov\Downloads\archive\slovo\train\0658a8f9-da48-43dd-b6c2-f0b76d174c20.mp4,змея
C:\Users\a.polyakov\Downloads\archive\slovo\train\065c0113-108a-42cf-9117-d4e77b1cf07c.mp4,любовный
C:\Users\a.polyakov\Downloads\archive\slovo\train\065d9780-3e82-4c69-8e7d-abe356df1039.mp4,с тех пор как
C:\Users\a.polyakov\Downloads\archive\slovo\train\06624769-8efd-43d5-9377-7de94ed421b4.mp4,страдание
C:\Users\a.polyakov\Downloads\archive\slovo\train\066640c0-9cc7-4c1c-8d4f-1bcdc415a798.mp4,думать
C:\Users\a.polyakov\Downloads\archive\slovo\train\0666a577-dc45-42e5-8cd8-8fbc7e8b6c10.mp4,голодный
C:\Users\a.polyakov\Downloads\archive\slovo\train\06670c68-d747-4b9d-91da-5cce8884a8a9.mp4,вздрагивать
C:\Users\a.polyakov\Downloads\archive\slovo\train\066c1cf9-b58c-45e5-953b-7c0b0591a330.mp4,кафетерий
C:\Users\a.polyakov\Downloads\archive\slovo\train\0670ffc7-1623-46ea-ba19-852f649d4f53.mp4,темнота
C:\Users\a.polyakov\Downloads\archive\slovo\train\067877d6-b63b-4590-8f58-096f4e5d9e84.mp4,одежда
C:\Users\a.polyakov\Downloads\archive\slovo\train\0678e000-3958-4345-a317-090487e01c95.mp4,пир
C:\Users\a.polyakov\Downloads\archive\slovo\train\06833674-98eb-431b-8dda-ae4c11efa895.mp4,острый
C:\Users\a.polyakov\Downloads\archive\slovo\train\0685b421-179f-4bec-898d-378e1271ac03.mp4,Добро пожаловать!
C:\Users\a.polyakov\Downloads\archive\slovo\train\068925c9-9de2-4895-bf18-ef98e91ce952.mp4,копыто
C:\Users\a.polyakov\Downloads\archive\slovo\train\068f796d-8149-4251-9d68-176cbf461610.mp4,полный
C:\Users\a.polyakov\Downloads\archive\slovo\train\069645d8-301f-45e9-85f8-da55a30cc020.mp4,мой
C:\Users\a.polyakov\Downloads\archive\slovo\train\069a7251-8f9d-4922-9702-5166b85b865a.mp4,быстрый
C:\Users\a.polyakov\Downloads\archive\slovo\train\069b6e26-e174-42f4-a33a-41b2a435d77f.mp4,И
C:\Users\a.polyakov\Downloads\archive\slovo\train\06b29090-60e7-4f3b-aeed-9d110625da8b.mp4,вечер
C:\Users\a.polyakov\Downloads\archive\slovo\train\06b65143-4c40-4274-b1cb-9722262e2391.mp4,налог
C:\Users\a.polyakov\Downloads\archive\slovo\train\06c28bbb-540b-435f-afbd-be1735f4df8e.mp4,самоконтроль
C:\Users\a.polyakov\Downloads\archive\slovo\train\06c53f37-80c5-4259-9a89-e0c5339bcb30.mp4,молодой
C:\Users\a.polyakov\Downloads\archive\slovo\train\06d12a1a-1dfe-412d-b1fa-6c7bbf69fd3a.mp4,иначе
C:\Users\a.polyakov\Downloads\archive\slovo\train\06d191fa-531e-45cc-bc02-c80df01a1eda.mp4,принести
C:\Users\a.polyakov\Downloads\archive\slovo\train\06dfcde6-354b-4e37-9a9f-33ce3de0ab34.mp4,много
C:\Users\a.polyakov\Downloads\archive\slovo\train\06e1580c-e3af-4c92-88eb-709126bd7e5a.mp4,довольный
C:\Users\a.polyakov\Downloads\archive\slovo\train\06e20f0e-b9d7-405d-8680-94595fcbcf71.mp4,ежедневный
C:\Users\a.polyakov\Downloads\archive\slovo\train\06e2df87-e8d3-4cb7-88c2-fae9db25e913.mp4,остаться
C:\Users\a.polyakov\Downloads\archive\slovo\train\06e8b1e7-0bd8-4f79-b011-db26dfbe72d2.mp4,плакать
C:\Users\a.polyakov\Downloads\archive\slovo\train\06e947be-5269-4ab1-ad90-d062983d829e.mp4,счастливый
C:\Users\a.polyakov\Downloads\archive\slovo\train\06efbf77-ba34-42da-9721-3fe96530a640.mp4,рычание
C:\Users\a.polyakov\Downloads\archive\slovo\train\06fc2f4b-791e-430d-bf55-d46775a99a55.mp4,налог
C:\Users\a.polyakov\Downloads\archive\slovo\train\06fd3a8c-eb27-48d7-a670-f210597ba52a.mp4,думать
C:\Users\a.polyakov\Downloads\archive\slovo\train\06ff0ae5-f21a-4c4f-9062-9825e8156896.mp4,кафе
C:\Users\a.polyakov\Downloads\archive\slovo\train\06ff45dc-bbdb-4777-b5e4-e658f1e04f5c.mp4,так себе
C:\Users\a.polyakov\Downloads\archive\slovo\train\0702812e-e3f3-46ea-a11f-cd82d012c381.mp4,Г
C:\Users\a.polyakov\Downloads\archive\slovo\train\0709595c-81c0-41b9-9167-a1d8e15c638e.mp4,Чашка
C:\Users\a.polyakov\Downloads\archive\slovo\train\070b8116-7110-42fb-962d-976d4a566782.mp4,чистый
C:\Users\a.polyakov\Downloads\archive\slovo\train\070d092b-c62c-4c0c-850e-f71c79a8b5be.mp4,длинный
C:\Users\a.polyakov\Downloads\archive\slovo\train\07135c81-66cf-40a4-8736-18917f5097bd.mp4,искать
C:\Users\a.polyakov\Downloads\archive\slovo\train\071f0400-ee14-42dc-8595-92efcf977725.mp4,Е
C:\Users\a.polyakov\Downloads\archive\slovo\train\0722c7b2-8a3f-4bbd-bcc2-fe1b0f3d59eb.mp4,будущее
C:\Users\a.polyakov\Downloads\archive\slovo\train\0725f468-2913-4c10-bcaf-31640d7d59aa.mp4,мгновение
C:\Users\a.polyakov\Downloads\archive\slovo\train\072b49d6-528a-4711-93ac-ccfb57da8264.mp4,тяжёлый
C:\Users\a.polyakov\Downloads\archive\slovo\train\0730c61c-06bf-49aa-a286-ea8c5b077989.mp4,цвета
C:\Users\a.polyakov\Downloads\archive\slovo\train\0731b359-be80-4c0c-ba4e-804741e3f69a.mp4,гений
C:\Users\a.polyakov\Downloads\archive\slovo\train\07320b87-69e0-4248-b707-8802d6e1d12f.mp4,всегда
C:\Users\a.polyakov\Downloads\archive\slovo\train\07330c6d-851d-441a-af19-3e1f124181cb.mp4,запасливый
C:\Users\a.polyakov\Downloads\archive\slovo\train\07425dba-4e46-4cef-923a-63584ab02a12.mp4,налог
C:\Users\a.polyakov\Downloads\archive\slovo\train\074b163d-ae99-40f1-9b24-48ae8c106829.mp4,оставить
C:\Users\a.polyakov\Downloads\archive\slovo\train\074fa770-6906-41d2-a7a1-da121fdda458.mp4,глотать
C:\Users\a.polyakov\Downloads\archive\slovo\train\075124b7-c6af-4270-9a72-6eaba04bf0bc.mp4,подозревать
C:\Users\a.polyakov\Downloads\archive\slovo\train\07564477-c731-4bbe-a5ae-a408ff6ab92c.mp4,под
C:\Users\a.polyakov\Downloads\archive\slovo\train\075b4a30-9c95-4862-97c3-6f0150888007.mp4,2 часа
C:\Users\a.polyakov\Downloads\archive\slovo\train\075e4c56-8f82-4f0c-b9f8-7f4aef665cd0.mp4,лучший
C:\Users\a.polyakov\Downloads\archive\slovo\train\07610ea9-512b-4381-a9bb-99801b608439.mp4,сильный
C:\Users\a.polyakov\Downloads\archive\slovo\train\07624cbf-ecc2-4d65-8644-25f3f1e056bc.mp4,делать
C:\Users\a.polyakov\Downloads\archive\slovo\train\076551f2-9af6-455c-950f-263d0135645f.mp4,триста
C:\Users\a.polyakov\Downloads\archive\slovo\train\0766e108-87cb-4478-ac39-2f55084433a8.mp4,ей
C:\Users\a.polyakov\Downloads\archive\slovo\train\076d9809-0b27-4be7-b739-58c58bb0ede7.mp4,отличный
C:\Users\a.polyakov\Downloads\archive\slovo\train\07735e27-ea46-4441-83bd-a9641d8a79b3.mp4,тигр
C:\Users\a.polyakov\Downloads\archive\slovo\train\077f8608-b43d-43df-9064-2ed92a565daa.mp4,задерживать
C:\Users\a.polyakov\Downloads\archive\slovo\train\078535e5-a53b-4c88-98a1-218f01d83c72.mp4,неуважение
C:\Users\a.polyakov\Downloads\archive\slovo\train\07857e69-35ca-4a66-9b4a-1cc3cd8d6cd8.mp4,отчаяться
C:\Users\a.polyakov\Downloads\archive\slovo\train\078a541b-eec4-434c-99c4-48ca7e82f05a.mp4,невозможный
C:\Users\a.polyakov\Downloads\archive\slovo\train\0790be55-2da4-4646-b6c9-b7207addab2c.mp4,искать
C:\Users\a.polyakov\Downloads\archive\slovo\train\07933773-6979-44a5-a73d-08ce10a5bf6a.mp4,жить
C:\Users\a.polyakov\Downloads\archive\slovo\train\07abd681-2aa4-46a3-b52d-806e864e0a81.mp4,плавник
C:\Users\a.polyakov\Downloads\archive\slovo\train\07aca410-81db-4af6-b82a-8e227dbe6adc.mp4,вскружить
C:\Users\a.polyakov\Downloads\archive\slovo\train\07b0ebc5-beed-4fe3-9a9e-7a05610e0ac9.mp4,нераскрашенный
C:\Users\a.polyakov\Downloads\archive\slovo\train\07ba9f08-624c-4cb5-a75b-a6586aadd8d7.mp4,срочный
C:\Users\a.polyakov\Downloads\archive\slovo\train\07bb1fea-1563-4099-b501-7eb0941a6c52.mp4,бегемот
C:\Users\a.polyakov\Downloads\archive\slovo\train\07c1d58a-3492-418e-bff3-ffcdd4be22fd.mp4,зелёный
C:\Users\a.polyakov\Downloads\archive\slovo\train\07cda3a8-5cd3-460d-914b-65c68046130b.mp4,верх
C:\Users\a.polyakov\Downloads\archive\slovo\train\07d08968-64cc-45f7-a7a6-5bbe5db37570.mp4,переваривать
C:\Users\a.polyakov\Downloads\archive\slovo\train\07d337fd-6b84-4577-8d02-88bf57882c16.mp4,детский
C:\Users\a.polyakov\Downloads\archive\slovo\train\07d8637a-facd-48df-adec-36e3bc61c1f3.mp4,в восемь пятнадцать
C:\Users\a.polyakov\Downloads\archive\slovo\train\07d8b890-7c64-4def-9882-49c6f5a755ec.mp4,удивлён
C:\Users\a.polyakov\Downloads\archive\slovo\train\07e16ecd-4d12-473d-8d08-50ba4b4d56d5.mp4,шестнадцать
C:\Users\a.polyakov\Downloads\archive\slovo\train\07ebf5f8-165a-4885-b8cb-5c82c5bec8ae.mp4,Т
C:\Users\a.polyakov\Downloads\archive\slovo\train\07eed655-a8be-4534-b77f-aaee36ae5eb8.mp4,муж
C:\Users\a.polyakov\Downloads\archive\slovo\train\07efcc9e-7b42-4395-a551-c14389c1d6e9.mp4,двенадцатый
C:\Users\a.polyakov\Downloads\archive\slovo\train\07f41df9-9a4e-4e6b-adcf-59e23c709e6a.mp4,слишком
C:\Users\a.polyakov\Downloads\archive\slovo\train\08000237-79a2-44e5-881e-b920c1663f43.mp4,жевать
C:\Users\a.polyakov\Downloads\archive\slovo\train\080560e5-fb1a-4dc9-8f7e-fa413cf2b77b.mp4,скучающий
C:\Users\a.polyakov\Downloads\archive\slovo\train\08072bc8-6ab2-4941-987b-76a7f18d0cf0.mp4,цвета
C:\Users\a.polyakov\Downloads\archive\slovo\train\08078f7a-15d5-4b76-993f-212c0996e6db.mp4,основной цвет
C:\Users\a.polyakov\Downloads\archive\slovo\train\080a7c4b-48e3-4355-b065-791808a7dff5.mp4,Д
C:\Users\a.polyakov\Downloads\archive\slovo\train\080d9dd9-c4c6-433d-9073-a5d3db13e7cc.mp4,почему
C:\Users\a.polyakov\Downloads\archive\slovo\train\080e031e-2cc4-4edf-bc7c-25e6fac5f439.mp4,крокодил
C:\Users\a.polyakov\Downloads\archive\slovo\train\080f0acc-0257-48b9-b7e7-64dc2e0144fb.mp4,есть
C:\Users\a.polyakov\Downloads\archive\slovo\train\081010b4-b5ad-495f-9ae3-da2e47a267b3.mp4,среда
C:\Users\a.polyakov\Downloads\archive\slovo\train\0810821f-99d0-4b99-b780-164c90ec1741.mp4,вскружить
C:\Users\a.polyakov\Downloads\archive\slovo\train\08169e11-3183-4fdc-9ef4-f97811729048.mp4,принести
C:\Users\a.polyakov\Downloads\archive\slovo\train\08188299-6c09-422e-aa78-efe5a9e672a4.mp4,сторона
C:\Users\a.polyakov\Downloads\archive\slovo\train\0818d807-cfef-46e0-9216-19830cc0993c.mp4,мышь
C:\Users\a.polyakov\Downloads\archive\slovo\train\081dc2ad-2f38-4a43-a50c-ef83a532dd2b.mp4,диета
C:\Users\a.polyakov\Downloads\archive\slovo\train\0822a117-5994-46af-b4a9-78152418e6a3.mp4,вскружить
C:\Users\a.polyakov\Downloads\archive\slovo\train\082726b9-4704-454e-8537-19188a6773d7.mp4,гордость
C:\Users\a.polyakov\Downloads\archive\slovo\train\082915a3-fb6b-4d0f-808a-6c13f28f87ec.mp4,продолжить
C:\Users\a.polyakov\Downloads\archive\slovo\train\082c7f44-507b-4e66-9d80-4ceab213c38a.mp4,паук
C:\Users\a.polyakov\Downloads\archive\slovo\train\082e8381-d5b2-43ce-9671-04d4dce4fbd6.mp4,кафе
C:\Users\a.polyakov\Downloads\archive\slovo\train\082eeaa4-ffc5-496b-89a1-5023e1a4b1c5.mp4,шестьдесят
C:\Users\a.polyakov\Downloads\archive\slovo\train\08358906-5c6b-4d03-b0b5-245d05c56222.mp4,против
C:\Users\a.polyakov\Downloads\archive\slovo\train\0835b9c9-c397-42ee-ab90-f2fc6831d710.mp4,по часам
C:\Users\a.polyakov\Downloads\archive\slovo\train\08375e15-1420-4f2b-9c98-90037ca732e8.mp4,продлевать
C:\Users\a.polyakov\Downloads\archive\slovo\train\083cd00c-cb01-4e16-bf78-a950ec56c2ae.mp4,горюющий
C:\Users\a.polyakov\Downloads\archive\slovo\train\083f67b5-aa89-4fb7-876a-e368a8456f9f.mp4,кафетерий
C:\Users\a.polyakov\Downloads\archive\slovo\train\084276e0-60be-46fe-b59a-cb6dc754e164.mp4,активный
C:\Users\a.polyakov\Downloads\archive\slovo\train\084a3eff-0c47-41e2-86c0-a396bc45ceb3.mp4,пока (что)
C:\Users\a.polyakov\Downloads\archive\slovo\train\084ab991-9f3e-4ee3-8e17-36e7310c8f46.mp4,доминирующий
C:\Users\a.polyakov\Downloads\archive\slovo\train\084bd41b-6af1-42a8-b919-9aa957443453.mp4,лежать
C:\Users\a.polyakov\Downloads\archive\slovo\train\084e0a2f-3496-4c92-ba14-fb667d4e1669.mp4,6 часов
C:\Users\a.polyakov\Downloads\archive\slovo\train\0855c3a2-e7a2-45b2-8b8a-2ade84f53740.mp4,нерадивый
C:\Users\a.polyakov\Downloads\archive\slovo\train\085f7e5f-11f2-412d-a8f1-f1d9bcd1b455.mp4,привезти
C:\Users\a.polyakov\Downloads\archive\slovo\train\0861bf8c-e361-426b-b96a-0c3471b16af6.mp4,семьдесят
C:\Users\a.polyakov\Downloads\archive\slovo\train\086a36af-0b81-4a9c-838e-64bf885ca43d.mp4,домашнее животное
C:\Users\a.polyakov\Downloads\archive\slovo\train\08728aaf-d69a-42e4-be5b-f96059b7fe08.mp4,предложить тост
C:\Users\a.polyakov\Downloads\archive\slovo\train\0873ff52-6ba1-46f7-bfa0-ec2c1fef42a4.mp4,сказать
C:\Users\a.polyakov\Downloads\archive\slovo\train\087d5ae0-5c68-446f-8ddf-0dfe7f1fe879.mp4,темнота
C:\Users\a.polyakov\Downloads\archive\slovo\train\087fe63d-47c6-444a-b212-7d2d9063b0e8.mp4,десять
C:\Users\a.polyakov\Downloads\archive\slovo\train\088b313c-a573-4b27-834c-41140b29827e.mp4,всегда
C:\Users\a.polyakov\Downloads\archive\slovo\train\0895dbda-361a-4bd3-9b6c-034ff962de2e.mp4,любовный
C:\Users\a.polyakov\Downloads\archive\slovo\train\089d94a7-3015-4340-a73f-bb90e2b288d7.mp4,полный
C:\Users\a.polyakov\Downloads\archive\slovo\train\089e544c-b393-4e39-b695-da7df21069b9.mp4,молодой
C:\Users\a.polyakov\Downloads\archive\slovo\train\08a00a50-09f9-4b86-a3d1-ac2ee3c2a8f2.mp4,меня
C:\Users\a.polyakov\Downloads\archive\slovo\train\08a47191-b949-4d7d-9267-f413473131b7.mp4,пчела
C:\Users\a.polyakov\Downloads\archive\slovo\train\08ac93c0-1425-4f68-93eb-fbd2c03842b6.mp4,сюрприз
C:\Users\a.polyakov\Downloads\archive\slovo\train\08ad459b-b6e6-48cc-9811-6d3408ab6177.mp4,привезти
C:\Users\a.polyakov\Downloads\archive\slovo\train\08b418b5-9ea5-4364-a414-8670a8e8584a.mp4,восток
C:\Users\a.polyakov\Downloads\archive\slovo\train\08b90ed7-a015-4ea8-a70d-b0db3d89a4a0.mp4,стойкость
C:\Users\a.polyakov\Downloads\archive\slovo\train\08c097f3-0290-4544-a2e1-ec3f18506baa.mp4,покраснеть
C:\Users\a.polyakov\Downloads\archive\slovo\train\08c1447f-4efb-49aa-9108-29b7e15fa218.mp4,весь
C:\Users\a.polyakov\Downloads\archive\slovo\train\08c26008-eaef-498f-af2b-55ef4090bec9.mp4,дорога
C:\Users\a.polyakov\Downloads\archive\slovo\train\08c7232b-192e-498f-bee5-3aa97c6b7901.mp4,мгновение
C:\Users\a.polyakov\Downloads\archive\slovo\train\08c9b11a-4430-4c44-a4d3-7276b845c71a.mp4,объективный
C:\Users\a.polyakov\Downloads\archive\slovo\train\08ccb857-64e4-46d3-99ca-cea520b551d6.mp4,злобный
C:\Users\a.polyakov\Downloads\archive\slovo\train\08cd8c1c-cd03-460d-b5d9-a8a8393161e8.mp4,сказать
C:\Users\a.polyakov\Downloads\archive\slovo\train\08cf9647-b4aa-4648-8c05-3f778a93ff9a.mp4,напуганный
C:\Users\a.polyakov\Downloads\archive\slovo\train\08d50467-f8d7-4b9f-ad71-bf3a005e2a35.mp4,с тех пор как
C:\Users\a.polyakov\Downloads\archive\slovo\train\08dcabc1-3f2e-4686-ae32-bcefe6a3ac4f.mp4,чемодан
C:\Users\a.polyakov\Downloads\archive\slovo\train\08e362c0-5fd0-4ad1-83eb-1f86c65f8b54.mp4,горюющий
C:\Users\a.polyakov\Downloads\archive\slovo\train\08edb18c-96c9-4101-9585-d9c9e4e5f50d.mp4,запасливый
C:\Users\a.polyakov\Downloads\archive\slovo\train\08f2b364-ad5e-42d0-9e6c-a51c212b18f2.mp4,Обладать
C:\Users\a.polyakov\Downloads\archive\slovo\train\08fa1287-8e26-4215-a840-ca63d691cc56.mp4,гнездо
C:\Users\a.polyakov\Downloads\archive\slovo\train\08faeade-c13b-40fa-9f3e-586413954b33.mp4,свет
C:\Users\a.polyakov\Downloads\archive\slovo\train\08fca7ca-90bf-4aeb-ab34-8b2f247a5f69.mp4,счастливый
C:\Users\a.polyakov\Downloads\archive\slovo\train\08fceeb8-d8de-4dec-bc4b-3a644878f2aa.mp4,официант
C:\Users\a.polyakov\Downloads\archive\slovo\train\09011092-37b6-4b3c-ade6-a579c479584c.mp4,девятьсот
C:\Users\a.polyakov\Downloads\archive\slovo\train\09014284-43c4-4501-8eb4-74251ef4ce9b.mp4,этот
C:\Users\a.polyakov\Downloads\archive\slovo\train\09020228-29f9-4b88-9ee0-8dda7c715dba.mp4,сказать
C:\Users\a.polyakov\Downloads\archive\slovo\train\0907257d-b46c-4694-a4fe-7b3ebd0ac93d.mp4,несчастье
C:\Users\a.polyakov\Downloads\archive\slovo\train\0909c5d4-42fb-46f4-ab55-d1ddffa89ffd.mp4,опасный
C:\Users\a.polyakov\Downloads\archive\slovo\train\090b6cc6-1418-4409-bed7-d2b045200161.mp4,аллигатор
C:\Users\a.polyakov\Downloads\archive\slovo\train\090e1688-6245-4d5e-bee3-6a170dbd0295.mp4,добропорядочность
C:\Users\a.polyakov\Downloads\archive\slovo\train\09183d8d-f5b7-4c09-b968-13e6289ecf31.mp4,мыть
C:\Users\a.polyakov\Downloads\archive\slovo\train\091b3a1e-83d4-4ccd-b9e3-bb3e42ac7e59.mp4,желать
C:\Users\a.polyakov\Downloads\archive\slovo\train\092cdbb5-c99b-48dc-8a43-d6c7deff3a66.mp4,печаль
C:\Users\a.polyakov\Downloads\archive\slovo\train\09370cc9-f8e0-48e5-85f8-5bba015f8613.mp4,две недели
C:\Users\a.polyakov\Downloads\archive\slovo\train\09392ee3-d864-4f25-8f55-d9997f9a5d28.mp4,Ы
C:\Users\a.polyakov\Downloads\archive\slovo\train\0940c3d7-8db0-4f33-83ad-c18030553d87.mp4,зло
C:\Users\a.polyakov\Downloads\archive\slovo\train\09494445-4a95-4fb8-af00-138c0b18b575.mp4,острый
C:\Users\a.polyakov\Downloads\archive\slovo\train\094a90ac-d516-44e8-aaad-683833ea7ea2.mp4,брюзжать
C:\Users\a.polyakov\Downloads\archive\slovo\train\094d5a81-89ec-4d78-8a6f-4b4a5a5bbab3.mp4,ручка
C:\Users\a.polyakov\Downloads\archive\slovo\train\094f51ad-1ab4-4cf3-a903-7727700c51e9.mp4,смешной
C:\Users\a.polyakov\Downloads\archive\slovo\train\09541ec3-8495-4992-b096-08015a8f0ec4.mp4,мышь
C:\Users\a.polyakov\Downloads\archive\slovo\train\09553580-35ed-413b-9515-30016f10b7c3.mp4,слабость
C:\Users\a.polyakov\Downloads\archive\slovo\train\0955a83b-fbb6-4f11-985d-fcbf6f9b13a7.mp4,дважды
C:\Users\a.polyakov\Downloads\archive\slovo\train\09592628-2040-4402-a631-a8eddc667f9a.mp4,страдать
C:\Users\a.polyakov\Downloads\archive\slovo\train\096026df-ce9f-4eb6-b104-6e573190bbc7.mp4,слабость
C:\Users\a.polyakov\Downloads\archive\slovo\train\096139fc-8575-43eb-82e3-1b42f7e59b69.mp4,влюбиться
C:\Users\a.polyakov\Downloads\archive\slovo\train\0965380d-ae35-40ed-ad1a-3f6e7fd56e95.mp4,откусывание
C:\Users\a.polyakov\Downloads\archive\slovo\train\096563f4-72c4-4b2b-9c49-6093a1dba962.mp4,направление
C:\Users\a.polyakov\Downloads\archive\slovo\train\0965d488-59a4-41c2-9948-d7ed5c70f4b2.mp4,наглость
C:\Users\a.polyakov\Downloads\archive\slovo\train\0968694f-d4b9-4f47-881e-cd29bb81bfe0.mp4,искренний
C:\Users\a.polyakov\Downloads\archive\slovo\train\096939e7-2c76-4a72-8d10-103991ffba73.mp4,сто
C:\Users\a.polyakov\Downloads\archive\slovo\train\096e7469-3099-4fb9-8d14-5949efe14e6d.mp4,днем
C:\Users\a.polyakov\Downloads\archive\slovo\train\09752497-a007-4221-bc65-79dda3dd223a.mp4,уронить
C:\Users\a.polyakov\Downloads\archive\slovo\train\09797a52-0a29-4061-af08-9c50b4ed8f78.mp4,гордость
C:\Users\a.polyakov\Downloads\archive\slovo\train\097ad6a7-c33d-4bf9-9d75-39e7c3d79658.mp4,однажды
C:\Users\a.polyakov\Downloads\archive\slovo\train\097d7220-35df-4fbb-9112-04dd20ee3bf6.mp4,здесь
C:\Users\a.polyakov\Downloads\archive\slovo\train\0986a4d4-1c87-4201-8422-ce21960aaa4b.mp4,Прощание
C:\Users\a.polyakov\Downloads\archive\slovo\train\0987f6df-f619-46ac-ae6d-ebcde2cff08b.mp4,З
C:\Users\a.polyakov\Downloads\archive\slovo\train\098f285b-69f4-4763-be3b-d83d023ad308.mp4,строгий
C:\Users\a.polyakov\Downloads\archive\slovo\train\09980cdc-7cd4-4090-b2ef-59bf6c588c8f.mp4,найти
C:\Users\a.polyakov\Downloads\archive\slovo\train\09a52ea1-192d-407f-9640-59e81a55b3bd.mp4,готовый
C:\Users\a.polyakov\Downloads\archive\slovo\train\09a67e75-11eb-49be-a039-28e571ea08b1.mp4,верблюд
C:\Users\a.polyakov\Downloads\archive\slovo\train\09ab5440-bcf7-42d9-8b4e-416cba7caba8.mp4,красный
C:\Users\a.polyakov\Downloads\archive\slovo\train\09ac8452-9517-406e-bec9-cf00eea167d5.mp4,вас
C:\Users\a.polyakov\Downloads\archive\slovo\train\09acff92-2d81-4bc9-8af3-a2384a094d45.mp4,другой
C:\Users\a.polyakov\Downloads\archive\slovo\train\09b123d9-7058-46aa-a4fc-e4b1e355661b.mp4,беспокоящий
C:\Users\a.polyakov\Downloads\archive\slovo\train\09bbbb5a-a7d1-4919-bbe9-5e85ba4e7a03.mp4,великий
C:\Users\a.polyakov\Downloads\archive\slovo\train\09c68905-db70-4f3c-872b-7cf4cfa7c284.mp4,откусывание
C:\Users\a.polyakov\Downloads\archive\slovo\train\09c980a6-60e3-4c95-9aff-6dd3f0290a74.mp4,слишком
C:\Users\a.polyakov\Downloads\archive\slovo\train\09cb8ac1-cd52-4bf3-aa81-33f667fe044f.mp4,новости
C:\Users\a.polyakov\Downloads\archive\slovo\train\09cd0659-5272-4a3f-812b-8158c808724a.mp4,мать
C:\Users\a.polyakov\Downloads\archive\slovo\train\09cf6201-339c-4ada-a8d4-e2141ced39be.mp4,народ
C:\Users\a.polyakov\Downloads\archive\slovo\train\09cfdb32-cf0c-4d41-8553-414aa581295d.mp4,кусать
C:\Users\a.polyakov\Downloads\archive\slovo\train\09d1bc6a-e6b2-40fd-a1b8-72e1eee507fe.mp4,ключ
C:\Users\a.polyakov\Downloads\archive\slovo\train\09d41339-e2f1-42bd-9e3d-07748b59fcd7.mp4,воротник
C:\Users\a.polyakov\Downloads\archive\slovo\train\09d78ff8-cff0-442a-b58f-092d7a8092a3.mp4,сожаление
C:\Users\a.polyakov\Downloads\archive\slovo\train\09db2384-1520-4b66-8998-14ac3b0cbe14.mp4,ехать
C:\Users\a.polyakov\Downloads\archive\slovo\train\09e8e396-3cd0-4371-b5e6-0fa3350bf21e.mp4,ошарашенный
C:\Users\a.polyakov\Downloads\archive\slovo\train\09e98838-3112-46bc-909c-126a031cd2cd.mp4,Витамин
C:\Users\a.polyakov\Downloads\archive\slovo\train\09ec0fb9-4b3a-4f8f-85f6-b2aa040b5352.mp4,весь
C:\Users\a.polyakov\Downloads\archive\slovo\train\09f1bef0-6539-43b8-9ab3-9758555369cf.mp4,безопасный
C:\Users\a.polyakov\Downloads\archive\slovo\train\09f6c676-7a34-4539-a302-a7206f6e2e0f.mp4,рычание
C:\Users\a.polyakov\Downloads\archive\slovo\train\09f98fa2-db46-45d9-b503-cc5500c064e6.mp4,октябрь
C:\Users\a.polyakov\Downloads\archive\slovo\train\0a01b623-d83f-4d61-b755-33c05c878bc6.mp4,преданный
C:\Users\a.polyakov\Downloads\archive\slovo\train\0a01cd4d-6004-49d6-a5a8-505f339df1fa.mp4,домогаться
C:\Users\a.polyakov\Downloads\archive\slovo\train\0a04c0f6-48e0-43d5-9e64-d106441cab9e.mp4,терять
C:\Users\a.polyakov\Downloads\archive\slovo\train\0a0c3220-ae95-4919-a1df-3f7e538067cb.mp4,еще нет
C:\Users\a.polyakov\Downloads\archive\slovo\train\0a0cc140-6a6f-4644-a6d1-f8c45009a5da.mp4,тот
C:\Users\a.polyakov\Downloads\archive\slovo\train\0a0f2267-abe1-4be0-a0f5-216c536dd1d7.mp4,пренебрежение
C:\Users\a.polyakov\Downloads\archive\slovo\train\0a11d9e2-0428-4629-8621-74e8c4ed43ee.mp4,дятел
C:\Users\a.polyakov\Downloads\archive\slovo\train\0a1b79d6-3b30-4fc8-8755-365c17884892.mp4,В
C:\Users\a.polyakov\Downloads\archive\slovo\train\0a1f0c48-85b9-404f-af23-e7e6b24a84e2.mp4,замужем
C:\Users\a.polyakov\Downloads\archive\slovo\train\0a2284c4-0b83-498e-9bf8-b1d3186f9128.mp4,изменить
C:\Users\a.polyakov\Downloads\archive\slovo\train\0a4064a9-e6f3-4421-9013-3d22e5f5f686.mp4,ждать
C:\Users\a.polyakov\Downloads\archive\slovo\train\0a42bb8f-9a48-425d-a900-e4396cf41414.mp4,изучить
C:\Users\a.polyakov\Downloads\archive\slovo\train\0a49dcb4-4f64-423e-b12f-878b958029fc.mp4,найти
C:\Users\a.polyakov\Downloads\archive\slovo\train\0a4a3c38-ec5f-4ef1-9a55-5bc3fb5f8d1e.mp4,звук
C:\Users\a.polyakov\Downloads\archive\slovo\train\0a4b5626-18ec-4e6d-9160-49d7332e476d.mp4,мочь
C:\Users\a.polyakov\Downloads\archive\slovo\train\0a4d1b9c-22b5-4e7a-980c-5f3d7c8e7d4c.mp4,Обладать
C:\Users\a.polyakov\Downloads\archive\slovo\train\0a4d54fd-8ac9-41f4-b12e-896a6ae9dec9.mp4,лучший
C:\Users\a.polyakov\Downloads\archive\slovo\train\0a51e325-70cd-4055-9c83-076d114ea64a.mp4,однажды
C:\Users\a.polyakov\Downloads\archive\slovo\train\0a5887df-7cec-4147-b1aa-28ad3e764062.mp4,тот
C:\Users\a.polyakov\Downloads\archive\slovo\train\0a6732e5-f19a-4806-bb83-7746d0ae7b3c.mp4,мужчина
C:\Users\a.polyakov\Downloads\archive\slovo\train\0a689f4d-c83f-48f0-9bca-2291b2d8506e.mp4,мир
C:\Users\a.polyakov\Downloads\archive\slovo\train\0a6e30d2-0e6b-42be-a520-3d94b0d3ef87.mp4,уверенный
C:\Users\a.polyakov\Downloads\archive\slovo\train\0a6fd1b1-ede6-4908-bf9a-552c5f667698.mp4,кормить
C:\Users\a.polyakov\Downloads\archive\slovo\train\0a78c0cd-d549-46b7-b02c-680238bcd058.mp4,Память
C:\Users\a.polyakov\Downloads\archive\slovo\train\0a7c5db9-dd43-41c9-88ce-31a715042a3c.mp4,резервирование; бронирование
C:\Users\a.polyakov\Downloads\archive\slovo\train\0a7d256b-5b79-44ce-82f0-e92982a4b72d.mp4,шесть
C:\Users\a.polyakov\Downloads\archive\slovo\train\0a7eb354-bbf5-4b22-8711-54078de842e3.mp4,Л
C:\Users\a.polyakov\Downloads\archive\slovo\train\0a85c793-335b-47f3-998d-3e978c84f57e.mp4,прекрасный
C:\Users\a.polyakov\Downloads\archive\slovo\train\0a8a6b1b-e5c0-4a35-873a-c1ac86badc31.mp4,попугай
C:\Users\a.polyakov\Downloads\archive\slovo\train\0a97100d-8781-4430-a50d-07493975b242.mp4,самоконтроль
C:\Users\a.polyakov\Downloads\archive\slovo\train\0a97b176-e535-4fa4-9bcf-5281d0d06c5f.mp4,их
C:\Users\a.polyakov\Downloads\archive\slovo\train\0a9ae88b-9a7e-4514-aff3-6facadc8f9c7.mp4,чудесный
C:\Users\a.polyakov\Downloads\archive\slovo\train\0a9c7d98-e48c-49ef-b7e9-96a5af30aee9.mp4,худший
C:\Users\a.polyakov\Downloads\archive\slovo\train\0aa20a3d-b1c0-4a0d-9cf6-9ccfbcd29d8c.mp4,предыдущий
C:\Users\a.polyakov\Downloads\archive\slovo\train\0aa21d5c-7c98-4a92-879c-acaa0350bf59.mp4,Чашка
C:\Users\a.polyakov\Downloads\archive\slovo\train\0aa5517e-75ad-4b84-95b5-b971614f580f.mp4,неуважение
C:\Users\a.polyakov\Downloads\archive\slovo\train\0aa6c6f6-9262-4b96-9d82-31a3b85987b5.mp4,восемь
C:\Users\a.polyakov\Downloads\archive\slovo\train\0aa7a2b2-4b3a-43c9-b2dd-6e8cfebd56d1.mp4,6 часов
C:\Users\a.polyakov\Downloads\archive\slovo\train\0aae08b6-b62b-4976-9de4-dc65765e820e.mp4,помочь
C:\Users\a.polyakov\Downloads\archive\slovo\train\0aaf560e-87c6-4b90-a838-6b9ca7023887.mp4,безопасный
C:\Users\a.polyakov\Downloads\archive\slovo\train\0ab89f0f-9126-44d8-9017-e8bfd7663b42.mp4,овца
C:\Users\a.polyakov\Downloads\archive\slovo\train\0abd0322-d93b-470d-a155-b1917b1970ce.mp4,никогда
C:\Users\a.polyakov\Downloads\archive\slovo\train\0abe65b9-afb4-44ea-be1e-53645ef53cc9.mp4,девять
C:\Users\a.polyakov\Downloads\archive\slovo\train\0abeb243-e0f3-4af9-8e91-70b8a00d1dee.mp4,коричневый
C:\Users\a.polyakov\Downloads\archive\slovo\train\0ac999d9-635e-4b9a-b749-9c09975aed50.mp4,тот же самый (одинаковый)
C:\Users\a.polyakov\Downloads\archive\slovo\train\0acbe1dd-b2dc-48ae-9ac5-a913de6ad15b.mp4,повар
C:\Users\a.polyakov\Downloads\archive\slovo\train\0ad27eac-be6c-41a6-896b-06ba70aba90a.mp4,страдать
C:\Users\a.polyakov\Downloads\archive\slovo\train\0adfeb46-1787-4d52-8f48-659cf0c69d2e.mp4,скучный
C:\Users\a.polyakov\Downloads\archive\slovo\train\0ae09231-66f8-40bc-8cb6-de24d4334527.mp4,сказать
C:\Users\a.polyakov\Downloads\archive\slovo\train\0aedfa30-b129-4f89-90a7-bf79fa1a2819.mp4,жадный
C:\Users\a.polyakov\Downloads\archive\slovo\train\0aeed676-0fae-4fa2-8893-1ba715bbd3cc.mp4,нерадивый
C:\Users\a.polyakov\Downloads\archive\slovo\train\0aeeee16-2557-48c7-9d5a-2f9533956f3e.mp4,улица
C:\Users\a.polyakov\Downloads\archive\slovo\train\0af395c7-9e7c-4f9e-8112-69867debefa7.mp4,декабрь
C:\Users\a.polyakov\Downloads\archive\slovo\train\0af7852a-9dc4-4912-9cf3-31d92555b7a0.mp4,ничего
C:\Users\a.polyakov\Downloads\archive\slovo\train\0af81aa5-93ef-40bf-9b8e-0ca87534d056.mp4,непослушный
C:\Users\a.polyakov\Downloads\archive\slovo\train\0afa8b40-57d7-4b2e-9347-4523cc487273.mp4,сын
C:\Users\a.polyakov\Downloads\archive\slovo\train\0afb9590-f1b2-4cf5-8289-1c3218a56ab7.mp4,весь
C:\Users\a.polyakov\Downloads\archive\slovo\train\0b0f99f4-33a1-421d-a9ff-5e66176976ed.mp4,семь
C:\Users\a.polyakov\Downloads\archive\slovo\train\0b100034-a7d3-4c11-aea2-16135808079c.mp4,ребёнок
C:\Users\a.polyakov\Downloads\archive\slovo\train\0b115eca-a9d9-4921-aa33-ff0cdaf2f9ee.mp4,добропорядочность
C:\Users\a.polyakov\Downloads\archive\slovo\train\0b156c0b-32e1-4896-943f-211a5343b0d6.mp4,накрывать на стол
C:\Users\a.polyakov\Downloads\archive\slovo\train\0b1b6986-8559-4001-9f75-a9ae0382dfc2.mp4,А
C:\Users\a.polyakov\Downloads\archive\slovo\train\0b1d722d-670f-4819-bbbf-b9d4c9a430e8.mp4,Обладать
C:\Users\a.polyakov\Downloads\archive\slovo\train\0b1da6fe-9eaa-4c75-887d-2a39f5fd1d31.mp4,срочный
C:\Users\a.polyakov\Downloads\archive\slovo\train\0b1dcb97-0dfb-4b02-9d60-b2a8705e1361.mp4,башенные часы
C:\Users\a.polyakov\Downloads\archive\slovo\train\0b1fdf3c-5d2c-4def-83f7-6509fd132055.mp4,день
C:\Users\a.polyakov\Downloads\archive\slovo\train\0b20996d-d531-48df-b3f5-9677f475db28.mp4,мать
C:\Users\a.polyakov\Downloads\archive\slovo\train\0b2132d1-e9de-48b2-bc77-94713f2afbf3.mp4,любовный
C:\Users\a.polyakov\Downloads\archive\slovo\train\0b294f35-2e9c-44f6-9b24-eeb4a0982980.mp4,внутреннее
C:\Users\a.polyakov\Downloads\archive\slovo\train\0b31a3b2-e084-428e-822e-be43c393b66d.mp4,никто
C:\Users\a.polyakov\Downloads\archive\slovo\train\0b363020-aee1-4f2b-a9aa-c0aeb0f9f3e8.mp4,розовый
C:\Users\a.polyakov\Downloads\archive\slovo\train\0b472470-0d52-4880-9613-af512ae4a8d1.mp4,жёлтый
C:\Users\a.polyakov\Downloads\archive\slovo\train\0b485a5f-a4eb-49db-9088-2d318869e25d.mp4,подруга
C:\Users\a.polyakov\Downloads\archive\slovo\train\0b4d353d-bac0-49c8-8e23-57a1fbc9f66a.mp4,Ё
C:\Users\a.polyakov\Downloads\archive\slovo\train\0b54f6bf-c5b0-42cc-b27e-165305d0e5c8.mp4,никто
C:\Users\a.polyakov\Downloads\archive\slovo\train\0b5708ac-ef79-49e4-8fd3-2a6da89c8bdd.mp4,спросить
C:\Users\a.polyakov\Downloads\archive\slovo\train\0b5a90ac-6792-4749-bef3-6f0269da50a6.mp4,затягивать
C:\Users\a.polyakov\Downloads\archive\slovo\train\0b63a4ba-a5cc-42e3-9b00-19d6ca1a4d34.mp4,стыдно
C:\Users\a.polyakov\Downloads\archive\slovo\train\0b660cb2-1d88-4bc1-b7fe-3310cd8ce297.mp4,М
C:\Users\a.polyakov\Downloads\archive\slovo\train\0b66983b-863a-465c-8896-06d4faa42237.mp4,окунать
C:\Users\a.polyakov\Downloads\archive\slovo\train\0b6830b0-c64f-4e37-ae6e-0fd836a7635f.mp4,нервный
C:\Users\a.polyakov\Downloads\archive\slovo\train\0b68a950-dcd9-4324-be1f-d21eda54166a.mp4,все
C:\Users\a.polyakov\Downloads\archive\slovo\train\0b76a662-2314-46a8-8e2b-a41d09cc2eff.mp4,смеяться
C:\Users\a.polyakov\Downloads\archive\slovo\train\0b7a248c-26e1-43a3-8dd3-877b5111eb8b.mp4,краткий
C:\Users\a.polyakov\Downloads\archive\slovo\train\0b8886f8-579c-4118-b396-1274a4886eb2.mp4,кролик
C:\Users\a.polyakov\Downloads\archive\slovo\train\0b9e022c-db12-42fa-9445-cc9582f79506.mp4,с
C:\Users\a.polyakov\Downloads\archive\slovo\train\0ba39ba9-7613-4488-b843-470f14bc039a.mp4,великий
C:\Users\a.polyakov\Downloads\archive\slovo\train\0baaffc6-74a5-4410-a104-69644d5b5bcb.mp4,звук
C:\Users\a.polyakov\Downloads\archive\slovo\train\0bace900-94cf-41ff-943f-044a09a053c7.mp4,"нежный, мягкий"
C:\Users\a.polyakov\Downloads\archive\slovo\train\0baea418-46ab-40d8-8b05-984beab5070e.mp4,грязный
C:\Users\a.polyakov\Downloads\archive\slovo\train\0baed903-562e-4cfe-82ef-6c30f8ef4d2a.mp4,забота
C:\Users\a.polyakov\Downloads\archive\slovo\train\0bb7eee1-5796-4015-8220-89eaa8a6a9c4.mp4,вилка
C:\Users\a.polyakov\Downloads\archive\slovo\train\0bb8392c-250a-49e3-bcee-4eee88962627.mp4,принести
C:\Users\a.polyakov\Downloads\archive\slovo\train\0bba36e9-a2e7-4160-94fc-59687df961e3.mp4,миллион
C:\Users\a.polyakov\Downloads\archive\slovo\train\0bc08d15-7b5b-47f5-956f-949888965ee0.mp4,вскружить
C:\Users\a.polyakov\Downloads\archive\slovo\train\0bc84e23-49d9-4799-98a3-d997240317b6.mp4,до
C:\Users\a.polyakov\Downloads\archive\slovo\train\0bca5793-744b-4fa6-bfac-862535682276.mp4,Лопата
C:\Users\a.polyakov\Downloads\archive\slovo\train\0bcfe436-1da5-4f16-b9ec-8e53e63eba2f.mp4,6 часов
C:\Users\a.polyakov\Downloads\archive\slovo\train\0bd097a2-23d9-4f7c-baf8-e3c24ab1a9f2.mp4,носорог
C:\Users\a.polyakov\Downloads\archive\slovo\train\0bd2938f-9746-48b7-b5c9-da692b7acc2e.mp4,проверить
C:\Users\a.polyakov\Downloads\archive\slovo\train\0bdb8802-8d4b-4d39-b4b0-5d0a5650e4ec.mp4,безопасный
C:\Users\a.polyakov\Downloads\archive\slovo\train\0bde076b-73c9-4c27-b484-e21217f6540d.mp4,закончить
C:\Users\a.polyakov\Downloads\archive\slovo\train\0be72528-32bc-408c-ab94-f57ec018cc45.mp4,в настоящее время
C:\Users\a.polyakov\Downloads\archive\slovo\train\0be77d6d-fc73-4c73-9199-54e7c03d297d.mp4,мятежный
C:\Users\a.polyakov\Downloads\archive\slovo\train\0bf08f50-42fa-430b-a4e8-ef4dadf834b6.mp4,повар
C:\Users\a.polyakov\Downloads\archive\slovo\train\0bf4037c-508a-44ce-a8de-cfed02541182.mp4,неудобно
C:\Users\a.polyakov\Downloads\archive\slovo\train\0bf7a453-36e6-45f4-91ab-6468427ca16e.mp4,животное
C:\Users\a.polyakov\Downloads\archive\slovo\train\0c036633-2511-43f2-b26b-435c617d93df.mp4,гнев
C:\Users\a.polyakov\Downloads\archive\slovo\train\0c036ea2-1484-4daa-8475-29c1cf1436ae.mp4,в прошлом году
C:\Users\a.polyakov\Downloads\archive\slovo\train\0c088143-56a6-4053-9a68-a5f15a3a3e8b.mp4,комар
C:\Users\a.polyakov\Downloads\archive\slovo\train\0c09093d-ef1a-444d-a24e-20e83d2263c3.mp4,сумка
C:\Users\a.polyakov\Downloads\archive\slovo\train\0c094c06-b25d-4c99-a83d-1ca6b27daf4c.mp4,тоже
C:\Users\a.polyakov\Downloads\archive\slovo\train\0c09c52a-4ea2-4689-a147-1eeb163316ab.mp4,кружка
C:\Users\a.polyakov\Downloads\archive\slovo\train\0c0b1512-1ab2-40f5-8aa3-5ef0c0ddec7b.mp4,четыре тысячи
C:\Users\a.polyakov\Downloads\archive\slovo\train\0c0cb0b5-40d8-43fa-8c22-005ef416b8ae.mp4,неожиданный
C:\Users\a.polyakov\Downloads\archive\slovo\train\0c0e6482-88ad-494d-9a45-d689a1ba655f.mp4,иногда
C:\Users\a.polyakov\Downloads\archive\slovo\train\0c150cf4-e308-404a-906d-7eea48bdda52.mp4,достаточно
C:\Users\a.polyakov\Downloads\archive\slovo\train\0c157b04-a738-457c-9c92-29095f01250e.mp4,чистый
C:\Users\a.polyakov\Downloads\archive\slovo\train\0c216758-a871-402e-8df7-6f0892e3e1b2.mp4,шум
C:\Users\a.polyakov\Downloads\archive\slovo\train\0c21ecd7-cada-494a-9e92-6c2b5d56024c.mp4,недобрый
C:\Users\a.polyakov\Downloads\archive\slovo\train\0c2b515f-9525-4223-86d9-ae90c497c0ea.mp4,бежевый
C:\Users\a.polyakov\Downloads\archive\slovo\train\0c2ced02-1101-4747-9d59-21aed69d118d.mp4,занятый
C:\Users\a.polyakov\Downloads\archive\slovo\train\0c33f4d7-1a4c-43b6-905a-29c60b067bb6.mp4,верблюд
C:\Users\a.polyakov\Downloads\archive\slovo\train\0c3a65e2-e575-4c04-9105-39ba9a92824f.mp4,имя
C:\Users\a.polyakov\Downloads\archive\slovo\train\0c3acacc-787d-447a-94f9-313fd68ea230.mp4,Цемент
C:\Users\a.polyakov\Downloads\archive\slovo\train\0c3c64ea-08c3-4227-9ee5-306a458eb16e.mp4,время
C:\Users\a.polyakov\Downloads\archive\slovo\train\0c430c41-0a39-49ed-b554-3b0d96f61bd0.mp4,желтый
C:\Users\a.polyakov\Downloads\archive\slovo\train\0c45bb21-f626-4407-9833-eb3265ceba39.mp4,жаждущий
C:\Users\a.polyakov\Downloads\archive\slovo\train\0c48a246-d853-4d73-adff-1af5add98f4f.mp4,наглость
C:\Users\a.polyakov\Downloads\archive\slovo\train\0c4b86ae-ebe1-4a05-a938-b27dd0dc87e6.mp4,Щ
C:\Users\a.polyakov\Downloads\archive\slovo\train\0c4f109d-f348-48ed-b953-f883d05ff10b.mp4,её
C:\Users\a.polyakov\Downloads\archive\slovo\train\0c5379df-d032-4a00-8e16-c233895dc9f1.mp4,идти
C:\Users\a.polyakov\Downloads\archive\slovo\train\0c568dd4-cad7-4594-8811-7ba224f1224d.mp4,вдохновение
C:\Users\a.polyakov\Downloads\archive\slovo\train\0c5957b4-e92d-4fbd-aacc-8c86d0802b81.mp4,переваривание
C:\Users\a.polyakov\Downloads\archive\slovo\train\0c5aede3-f4d0-45c0-b8ff-79ee8e60a637.mp4,смириться
C:\Users\a.polyakov\Downloads\archive\slovo\train\0c616015-18bc-49a2-9e3d-aa9b5f2be48d.mp4,миллион
C:\Users\a.polyakov\Downloads\archive\slovo\train\0c6274d6-4835-4daf-a532-fa2ac2daa27c.mp4,рвеность
C:\Users\a.polyakov\Downloads\archive\slovo\train\0c6927d6-a198-49ac-a39f-2abb7461f553.mp4,направление
C:\Users\a.polyakov\Downloads\archive\slovo\train\0c6e1bca-81ec-4422-b45d-fa0f8f452f48.mp4,вопрос
C:\Users\a.polyakov\Downloads\archive\slovo\train\0c6f0e35-0938-4b82-b7b6-f2031d409ae0.mp4,любопытный
C:\Users\a.polyakov\Downloads\archive\slovo\train\0c79ac96-9eff-476f-a59b-f062057bae53.mp4,вниз
C:\Users\a.polyakov\Downloads\archive\slovo\train\0c7dcce7-050b-4839-bc22-17ec3aa17880.mp4,горький
C:\Users\a.polyakov\Downloads\archive\slovo\train\0c7eece0-c08f-4c78-8db1-fc4f785b6b36.mp4,двадцать
C:\Users\a.polyakov\Downloads\archive\slovo\train\0c8065b4-90af-4978-8817-0283b250a1f2.mp4,MakDonalds
C:\Users\a.polyakov\Downloads\archive\slovo\train\0c807c58-ee18-4bbd-82be-581165af9803.mp4,мыть
C:\Users\a.polyakov\Downloads\archive\slovo\train\0c849b23-1f52-42e4-bf2b-c7fea97e147a.mp4,семь
C:\Users\a.polyakov\Downloads\archive\slovo\train\0c8b0184-fd0a-4eb2-8de9-ccaba63a6d16.mp4,место для пикника
C:\Users\a.polyakov\Downloads\archive\slovo\train\0c8f42b7-2e20-4f31-9721-61c6392c0d2e.mp4,старый
C:\Users\a.polyakov\Downloads\archive\slovo\train\0c915ab0-43b1-4fd9-8272-0c95e404d9d5.mp4,дорогой
C:\Users\a.polyakov\Downloads\archive\slovo\train\0c972d4f-7908-47bc-b8b0-6933c57fc5be.mp4,крокодил
C:\Users\a.polyakov\Downloads\archive\slovo\train\0c9c4769-d1ce-41cf-80ea-31bbe937cb61.mp4,закрыть
C:\Users\a.polyakov\Downloads\archive\slovo\train\0c9d9c49-cd28-4682-82a2-464b6d0f6da6.mp4,быть потрясенным
C:\Users\a.polyakov\Downloads\archive\slovo\train\0ca52f6a-05f6-47ed-8ec2-e2bb8e2ce69c.mp4,вина
C:\Users\a.polyakov\Downloads\archive\slovo\train\0ca9bfa9-2fcd-41f6-a712-a082feb3ff5a.mp4,мурашки
C:\Users\a.polyakov\Downloads\archive\slovo\train\0cb111bf-276d-4b09-aefb-d7643b990fe2.mp4,прибывать
C:\Users\a.polyakov\Downloads\archive\slovo\train\0cb93333-5bb8-4ff5-b3cd-05cd3fe5d449.mp4,зелёный
C:\Users\a.polyakov\Downloads\archive\slovo\train\0cbba580-c240-447b-87c6-17b524ca3267.mp4,трусливо
C:\Users\a.polyakov\Downloads\archive\slovo\train\0cbd08fa-c605-4d67-b055-f869579e8cc8.mp4,скучающий
C:\Users\a.polyakov\Downloads\archive\slovo\train\0cc94c7b-2f1b-498c-96af-33c195b07083.mp4,динозавр
C:\Users\a.polyakov\Downloads\archive\slovo\train\0cca1e04-3f13-45e2-918c-190de5231e2a.mp4,я
C:\Users\a.polyakov\Downloads\archive\slovo\train\0ccd7fd4-b5c4-486a-b441-2e78979aff2c.mp4,кролик
C:\Users\a.polyakov\Downloads\archive\slovo\train\0cd1b9ef-1f26-4786-8b55-297cc30b36bc.mp4,смириться
C:\Users\a.polyakov\Downloads\archive\slovo\train\0cdf6a1d-1f93-4892-b2b8-67381dda4eee.mp4,разрыдаться
C:\Users\a.polyakov\Downloads\archive\slovo\train\0ce27beb-7bbb-4280-8f3c-2d0c51ba0e57.mp4,те
C:\Users\a.polyakov\Downloads\archive\slovo\train\0ce4cbcf-c8b5-43e5-9366-5bfc573fc206.mp4,поднос
C:\Users\a.polyakov\Downloads\archive\slovo\train\0ceb887d-ee4b-4826-8074-135c1f6ff399.mp4,расписание
C:\Users\a.polyakov\Downloads\archive\slovo\train\0ced85a7-87c4-4ea4-8266-daefd4b600f5.mp4,вой
C:\Users\a.polyakov\Downloads\archive\slovo\train\0cee42e1-0d5a-46d3-90d0-4248a0304960.mp4,остроумие
C:\Users\a.polyakov\Downloads\archive\slovo\train\0cf11157-2044-4ffb-ae00-6b4e7ce7c6b6.mp4,страх
C:\Users\a.polyakov\Downloads\archive\slovo\train\0cf48008-0448-461e-9a1a-48458881c3e3.mp4,сумка
C:\Users\a.polyakov\Downloads\archive\slovo\train\0cf79a4d-5bcf-4611-aaff-48d1c7363d90.mp4,под
C:\Users\a.polyakov\Downloads\archive\slovo\train\0d014613-cd1c-4f41-9b46-2f156baf88a8.mp4,свет
C:\Users\a.polyakov\Downloads\archive\slovo\train\0d0555a3-5cab-4b9c-9267-bef66f456c03.mp4,коготь
C:\Users\a.polyakov\Downloads\archive\slovo\train\0d072c17-467a-40c8-bc44-44772db15d91.mp4,ответственный
C:\Users\a.polyakov\Downloads\archive\slovo\train\0d0be2c1-de25-412d-98dc-7f7fb292792d.mp4,по часам
C:\Users\a.polyakov\Downloads\archive\slovo\train\0d0e537f-9445-4f1e-8631-e09e461965d0.mp4,оранжевый
C:\Users\a.polyakov\Downloads\archive\slovo\train\0d11f340-682c-447e-b78c-38c58ac48ea5.mp4,жёлтый
C:\Users\a.polyakov\Downloads\archive\slovo\train\0d1681dc-45be-417f-af43-fcc012128501.mp4,шестьдесят
C:\Users\a.polyakov\Downloads\archive\slovo\train\0d1a545c-65d7-490b-b3f6-ecc7abcd9a84.mp4,А
C:\Users\a.polyakov\Downloads\archive\slovo\train\0d200ffb-d706-403c-a931-4cb27a45ad06.mp4,рвеность
C:\Users\a.polyakov\Downloads\archive\slovo\train\0d24ba0c-3f15-4af5-acf6-737a258355fb.mp4,в прошлом году
C:\Users\a.polyakov\Downloads\archive\slovo\train\0d24c48f-a563-43cf-940f-8522b193a8a9.mp4,без
C:\Users\a.polyakov\Downloads\archive\slovo\train\0d27e19e-30e4-4bb3-b9b4-479e48b1a756.mp4,страсть
C:\Users\a.polyakov\Downloads\archive\slovo\train\0d28f1c0-ffba-45d2-83e3-7d106a7a3df8.mp4,получающий удовольствие
C:\Users\a.polyakov\Downloads\archive\slovo\train\0d2f1657-fbc7-45a1-857c-7d068904f05f.mp4,Б
C:\Users\a.polyakov\Downloads\archive\slovo\train\0d2fcb72-f847-49e3-ba99-c2eea6617f30.mp4,остановить
C:\Users\a.polyakov\Downloads\archive\slovo\train\0d34284a-8c40-4185-8c61-449520b0fd0b.mp4,удивлён
C:\Users\a.polyakov\Downloads\archive\slovo\train\0d35a9f3-6d4d-478d-9df5-75213eedf165.mp4,мне
C:\Users\a.polyakov\Downloads\archive\slovo\train\0d38d76e-3720-41d2-bb68-76b94db15a84.mp4,пять тысяч
C:\Users\a.polyakov\Downloads\archive\slovo\train\0d407ca2-eb74-4869-8d1e-c642bd247d44.mp4,Соль
C:\Users\a.polyakov\Downloads\archive\slovo\train\0d438c33-742d-4d52-adc1-f9215af981ba.mp4,угрюмый
C:\Users\a.polyakov\Downloads\archive\slovo\train\0d4701fb-12d5-47c5-b598-283cd7f6abd4.mp4,жадно есть
C:\Users\a.polyakov\Downloads\archive\slovo\train\0d486398-3599-4687-9ddd-ed690c71849c.mp4,разгневанный
C:\Users\a.polyakov\Downloads\archive\slovo\train\0d4c331f-9612-472b-93f7-5c93c875c5a6.mp4,Цемент
C:\Users\a.polyakov\Downloads\archive\slovo\train\0d4fe49a-f18d-468a-806d-68c53922b861.mp4,интересный
C:\Users\a.polyakov\Downloads\archive\slovo\train\0d50c4f7-2101-4998-bdee-15f2238143e3.mp4,Л
C:\Users\a.polyakov\Downloads\archive\slovo\train\0d554054-cc9b-41dd-93b3-bdee82e82d97.mp4,неверие
C:\Users\a.polyakov\Downloads\archive\slovo\train\0d55c8d1-b6e0-443b-891f-eaeca4892af9.mp4,страшный
C:\Users\a.polyakov\Downloads\archive\slovo\train\0d55c9f4-a629-4a5b-914a-41c791d1dbbd.mp4,корм для домашних животных
C:\Users\a.polyakov\Downloads\archive\slovo\train\0d59195e-9e16-4d4a-96a8-24f9ddb1ec45.mp4,пятнадцать
C:\Users\a.polyakov\Downloads\archive\slovo\train\0d5960b4-0efa-4f4c-9105-3c0d0530bd26.mp4,положительный
C:\Users\a.polyakov\Downloads\archive\slovo\train\0d59bfc2-cb77-43b5-a445-ec1951258824.mp4,согласно
C:\Users\a.polyakov\Downloads\archive\slovo\train\0d5c7c9b-a070-4233-8943-bc626ac1d33f.mp4,счастье
C:\Users\a.polyakov\Downloads\archive\slovo\train\0d5fc02c-1eb1-4568-aa6a-25fb1511e30b.mp4,почему
C:\Users\a.polyakov\Downloads\archive\slovo\train\0d72083f-e1c8-46c2-9865-dab7611f4ff7.mp4,лев
C:\Users\a.polyakov\Downloads\archive\slovo\train\0d744e18-7f53-4120-b1b4-ffb62124ad09.mp4,беспокойный
C:\Users\a.polyakov\Downloads\archive\slovo\train\0d7d7a66-d840-4503-937f-30c7a2fc8739.mp4,надежда
C:\Users\a.polyakov\Downloads\archive\slovo\train\0d8b32bd-92a1-4f45-8c4e-7883957f773d.mp4,преданный
C:\Users\a.polyakov\Downloads\archive\slovo\train\0d8c33d9-2f8d-4f0f-957c-a1b238ee38ab.mp4,взять
C:\Users\a.polyakov\Downloads\archive\slovo\train\0d913817-efe8-495d-b8a4-7e2f49488308.mp4,Крест
C:\Users\a.polyakov\Downloads\archive\slovo\train\0d935e38-3fbe-47f8-b7aa-ec9b02b9fc1c.mp4,картина
C:\Users\a.polyakov\Downloads\archive\slovo\train\0d93a6e1-1cf7-4434-b69c-a8a49c2e31ab.mp4,Сразу
C:\Users\a.polyakov\Downloads\archive\slovo\train\0d9df12a-f508-44ad-9b78-2cd8d0842fd2.mp4,женат
C:\Users\a.polyakov\Downloads\archive\slovo\train\0da470fb-08b7-4796-8364-2b54c27d9eb7.mp4,быстро
C:\Users\a.polyakov\Downloads\archive\slovo\train\0da4e920-587c-4d33-a8b1-027ba30228ce.mp4,ошибка
C:\Users\a.polyakov\Downloads\archive\slovo\train\0da9be2d-1f15-4e7b-b5ab-7028dd3c2dce.mp4,возрадоваться
C:\Users\a.polyakov\Downloads\archive\slovo\train\0dad3291-f752-40b0-ab0c-5e93b20878a2.mp4,другой
C:\Users\a.polyakov\Downloads\archive\slovo\train\0db61999-e0a2-4a9f-8680-d4996ef492ed.mp4,слабый
C:\Users\a.polyakov\Downloads\archive\slovo\train\0db914d2-91ae-409e-a3b6-c99f819eff40.mp4,продолжительность
C:\Users\a.polyakov\Downloads\archive\slovo\train\0db9d7be-b2da-4817-8a62-e21cdbb4c8f4.mp4,иностранный
C:\Users\a.polyakov\Downloads\archive\slovo\train\0dd1363a-7352-40d2-a18a-5a88720a8818.mp4,всегда
